Biofluido,Metabolite,Mean_ASICS,Mean_GS,Relative_Error_Pct,MAE,MSE
Soro,2-Aminobutyrate,736.5738,6.4167,11379.07,730.1571,661568.9685
Soro,2-Hydroxybutyrate,21.3028,13.8167,54.18,23.9528,867.4106
Soro,2-Oxoglutarate,74.8687,2.4667,2935.22,74.2354,11056.4305
Soro,3-Hydroxybutyrate,275.4822,22.0333,1150.3,253.4489,83861.4673
Soro,Acetate,4.7952,13.9833,65.71,11.5738,160.1435
Soro,Acetoacetate,46.8155,4.35,976.22,42.4655,3210.5325
Soro,Acetone,14.2831,3.2833,335.02,10.9998,240.9593
Soro,Alanine,255.2815,120.7833,111.35,148.7068,57121.3017
Soro,Arginine,654.0604,49.45,1222.67,604.6104,693930.7254
Soro,Asparagine,5.6422,14.25,60.41,14.8922,237.2906
Soro,Aspartate,132.5963,14.2167,832.68,118.3796,18698.6941
Soro,Benzoate,39.4112,6.55,501.7,33.4256,2091.7374
Soro,Betaine,115.5188,11.3333,919.28,104.1855,26300.4946
Soro,Carnitine,398.2331,11.8833,3251.19,386.3498,191510.1041
Soro,Citrate,336.0136,36.2333,827.36,299.7803,171975.0538
Soro,Creatine,28.2074,9.5667,194.85,18.6407,573.8647
Soro,Creatinine,0.8023,18.2667,95.61,17.4644,317.1015
Soro,Formate,43.5218,5.9167,635.58,37.8084,2291.0739
Soro,Glucose,7212.6214,1220.3,491.05,5992.3214,59842068.0501
Soro,Glutamate,1615.3457,88.35,1728.35,1526.9957,3489018.4208
Soro,Glutamine,1677.3167,164.8833,917.27,1512.4334,2973761.2162
Soro,Glycerol,632.8359,75.8667,734.14,556.9692,495852.7547
Soro,Glycine,517.1402,91.2167,466.94,442.5899,450560.1093
Soro,Histidine,1.1898,26.9833,95.59,25.7935,676.687
Soro,Hypoxanthine,1.0143,2.4167,58.03,1.4741,3.1673
Soro,Inosine,0.631,1.1,42.64,0.469,0.5492
Soro,Isoleucine,176.6853,20.1,779.03,156.5853,31997.8097
Soro,Lactate,2062.5487,657.4167,213.74,1405.132,4577291.8876
Soro,Leucine,532.1156,40.7167,1206.87,491.3989,305183.2857
Soro,Lysine,476.0671,49.8667,854.68,426.2004,208809.7125
Soro,Mannose,362.1464,18.1667,1893.47,349.7464,211267.703
Soro,Methanol,521.4054,30.9667,1583.76,490.4387,385313.3751
Soro,Methionine,15.1746,8.5333,77.83,21.4746,1257.3689
Soro,Ornithine,215.797,13.3,1522.53,202.497,65917.258
Soro,Phenylalanine,141.8484,23.7167,498.1,118.1317,21418.9458
Soro,Proline,2110.2259,43.2833,4775.38,2066.9425,6715496.9851
Soro,Pyruvate,158.7112,19.9167,696.88,138.7945,36846.0715
Soro,Serine,63.1837,52.4167,20.54,74.667,10300.1228
Soro,Succinate,104.6309,3.5,2889.45,102.0642,18397.0089
Soro,Taurine,574.065,54.5833,951.72,519.4817,460610.0311
Soro,Threonine,301.163,36.2833,730.03,264.8797,101735.976
Soro,Tyrosine,14.6691,18.25,19.62,14.9104,310.3491
Soro,Valine,349.6153,68.9833,406.81,280.632,131412.6138
Urina,2-Oxoglutarate,3086.6522,133.68,2208.99,2952.9722,11981444.05
Urina,3-Hydroxybutyrate,1312.4507,53.32,2361.46,1259.1307,2381950.4383
Urina,Acetate,665.4653,89.74,641.55,636.541,1018896.6484
Urina,Acetoacetate,650.9421,51.26,1169.88,607.4143,515434.7134
Urina,Acetone,213.6137,28.78,642.23,186.7664,56188.3062
Urina,Alanine,1382.8584,300.64,359.97,1113.8488,2752791.8431
Urina,Asparagine,4206.3551,248.96,1589.57,3957.3951,20835128.7437
Urina,Betaine,6053.0754,113.62,5227.47,5947.1607,49435945.1871
Urina,Carnitine,1579.7555,86.06,1735.64,1493.6955,3945053.1348
Urina,Carnosine,4054.5953,213.44,1799.64,3841.1553,48244567.4777
Urina,Citrate,4216.4464,1750.08,140.93,2466.3664,12607661.2801
Urina,Creatine,5013.5053,300.68,1567.39,4712.8253,49392011.2211
Urina,Creatinine,175858.9761,15215.42,1055.79,165514.1237,41221662763.1062
Urina,Dimethylamine,3373.9445,461.64,630.86,3093.2866,18452186.8829
Urina,Ethanolamine,8169.7202,559.92,1359.09,7609.8002,86270268.7521
Urina,Formate,2443.6148,365.98,567.69,2264.468,15445430.2059
Urina,Fructose,3265.4069,306.62,964.97,2958.7869,14527997.0079
Urina,Fucose,1379.9964,112.8,1123.4,1280.5084,2241835.6819
Urina,Glucose,3132.361,306.08,923.38,2916.8951,18180195.9957
Urina,Glutamine,7125.3643,614.16,1060.18,6574.3303,98454710.5512
Urina,Glycine,19464.5099,1602.44,1114.68,18870.3899,1250688098.3978
Urina,Glycolate,12101.2027,571.3,2018.19,11529.9027,184502577.3204
Urina,Hippurate,8132.2318,2076.52,291.63,6525.7087,63209426.2315
Urina,Histidine,2388.5,1224.64,95.04,1204.2283,2047437.0548
Urina,Hypoxanthine,364.3995,62.48,483.23,305.3404,130238.6031
Urina,Isoleucine,506.1286,18.2,2680.93,487.9286,320433.2636
Urina,Lactate,4870.5926,27.24,17780.3,4843.3526,43221552.5844
Urina,Leucine,863.0692,53.32,1518.66,809.8235,1018611.746
Urina,Lysine,3211.4908,166.28,1831.38,3051.6916,11785335.1712
Urina,Malonate,950.5734,456.24,108.35,884.1334,1421716.0072
Urina,Methionine,1047.3028,36.34,2781.96,1031.4828,2968087.4077
Urina,Pantothenate,517.088,52.46,885.68,464.628,369968.0343
Urina,Pyroglutamate,3860.63,251.98,1432.12,3622.9029,17587551.808
Urina,Pyruvate,268.7863,43.28,521.04,257.0946,101848.5146
Urina,Serine,12962.0771,705.54,1737.19,12256.5371,261315711.6679
Urina,Succinate,63.2181,37.32,69.39,77.1781,14921.0295
Urina,Taurine,14537.4542,1106.24,1214.13,13431.2142,257833063.38
Urina,Threonine,1367.3333,328.3,316.49,1051.2179,1543648.4087
Urina,Trigonelline,1690.4039,631.68,167.6,1501.1604,7530537.6051
Urina,Tryptophan,2007.2502,69.24,2798.97,1938.0102,4784227.6894
Urina,Tyrosine,1013.7272,133.42,659.8,881.9829,1246536.8545
Urina,Uracil,9386.8845,101.94,9108.24,9284.9445,143140039.3272
Urina,Uridine,318.3639,20.68,1439.48,305.2439,158497.45
Urina,Urocanate,896.3695,14.68,6006.06,881.6895,1412630.2742
Urina,Valine,750.7428,53.62,1300.12,699.4457,1117096.8029
Urina,Xylitol,2515.4961,251.82,898.93,2263.6761,10437946.1177
