Experiment,Metabolite,Concentration_ASICS_FID,Concentration_ASICS_CSV,Concentration_GS,Diff_FID_GS,Diff_CSV_GS,Diff_FID_CSV,Error_FID_Pct,Error_CSV_Pct
01RCF,"1,3-Diaminopropane",606.74350085678,6452.98266689282,0.0,606.74350085678,6452.98266689282,5846.23916603604,,
01RCF,1-Methyl-L-Histidine,0.0,425.657294247498,0.0,0.0,425.657294247498,425.657294247498,,
01RCF,1-Methylhydantoin,204.553443628397,2045.00645340238,0.0,204.553443628397,2045.00645340238,1840.453009773983,,
01RCF,2-AminoAdipate,1043.94195449711,4919.37301490738,0.0,1043.94195449711,4919.37301490738,3875.43106041027,,
01RCF,2-Aminobutyrate,0.0,835.539367064388,0.0,0.0,835.539367064388,835.539367064388,,
01RCF,2-Deoxyadenosine,0.0,312.983676534088,0.0,0.0,312.983676534088,312.983676534088,,
01RCF,2-Deoxycytidine,0.0,7822.71091817544,0.0,0.0,7822.71091817544,7822.71091817544,,
01RCF,2-Deoxyguanosine,0.0,1585.39090882607,0.0,0.0,1585.39090882607,1585.39090882607,,
01RCF,2-HydroxyphenylAcetate,0.0,405.707713298014,0.0,0.0,405.707713298014,405.707713298014,,
01RCF,2-Methylglutarate,0.0,703.702182905656,0.0,0.0,703.702182905656,703.702182905656,,
01RCF,2-Oxobutyrate,248.969280078588,488.709354602632,0.0,248.969280078588,488.709354602632,239.740074524044,,
01RCF,2-Oxoglutarate,432.886533828125,2928.9821575696,165.2,267.686533828125,2763.7821575696003,2496.0956237414753,162.03785340685533,1672.991620804843
01RCF,2-Oxoisovalerate,0.0,531.627953151227,0.0,0.0,531.627953151227,531.627953151227,,
01RCF,2-Picolinate,0.0,62.3009428995943,0.0,0.0,62.3009428995943,62.3009428995943,,
01RCF,2-Propanol,102.27062437868,2151.09567720965,0.0,102.27062437868,2151.09567720965,2048.82505283097,,
01RCF,3-Hydroxybutyrate,0.0,2338.61638093897,122.6,122.6,2216.01638093897,2338.61638093897,100.0,1807.5174395913298
01RCF,3-HydroxyphenylAcetate,0.0,645.825609721457,0.0,0.0,645.825609721457,645.825609721457,,
01RCF,3-Methyladipate,256.327531963638,1619.1351334979,0.0,256.327531963638,1619.1351334979,1362.807601534262,,
01RCF,3-Methylxanthine,0.0,808.223973344141,0.0,0.0,808.223973344141,808.223973344141,,
01RCF,3-PhenylPropionate,316.109415381891,2868.93193899826,0.0,316.109415381891,2868.93193899826,2552.8225236163694,,
01RCF,4-AminoHippurate,494.881671294419,711.14798425445,0.0,494.881671294419,711.14798425445,216.26631296003097,,
01RCF,4-EthylPhenol,166.684218055422,1320.08549515962,0.0,166.684218055422,1320.08549515962,1153.401277104198,,
01RCF,4-HydroxyphenylAcetate,0.0,2113.29123954202,0.0,0.0,2113.29123954202,2113.29123954202,,
01RCF,5-AminoValerate,0.0,1548.1178712071,0.0,0.0,1548.1178712071,1548.1178712071,,
01RCF,7-Methylxanthine,0.0,279.221477358613,0.0,0.0,279.221477358613,279.221477358613,,
01RCF,ATP,0.0,118.374554846858,0.0,0.0,118.374554846858,118.374554846858,,
01RCF,Acetaminophen,0.0,242.47574867394,0.0,0.0,242.47574867394,242.47574867394,,
01RCF,Acetate,0.0,1179.84966304064,160.9,160.9,1018.9496630406401,1179.84966304064,100.0,633.2813319084152
01RCF,Acetoacetate,166.970853930203,618.45671102571,83.5,83.47085393020299,534.95671102571,451.48585709550696,99.96509452718921,640.6667197912694
01RCF,Acetone,47.0107028084248,58.3641687247222,29.7,17.310702808424804,28.6641687247222,11.353465916297395,58.285194641160956,96.51235260849226
01RCF,Adenine,0.0,383.074578132574,0.0,0.0,383.074578132574,383.074578132574,,
01RCF,Adipate,0.0,539.506925597276,0.0,0.0,539.506925597276,539.506925597276,,
01RCF,Allantoin,0.0,1832.79309525385,0.0,0.0,1832.79309525385,1832.79309525385,,
01RCF,Argininosuccinate,0.0,2754.58112809287,0.0,0.0,2754.58112809287,2754.58112809287,,
01RCF,Azelaate,0.0,37.1319593236383,0.0,0.0,37.1319593236383,37.1319593236383,,
01RCF,Benzoate,0.0,766.905959324048,0.0,0.0,766.905959324048,766.905959324048,,
01RCF,Beta-Alanine,603.635439907151,4885.04310406752,0.0,603.635439907151,4885.04310406752,4281.40766416037,,
01RCF,Betaine,54.2104474216736,8590.68049024339,179.1,124.8895525783264,8411.58049024339,8536.470042821717,69.73174348315266,4696.583188298933
01RCF,CDP,0.0,2.33723086837575,0.0,0.0,2.33723086837575,2.33723086837575,,
01RCF,CMP,0.0,867.535092796321,0.0,0.0,867.535092796321,867.535092796321,,
01RCF,CTP,0.0,184.032243425324,0.0,0.0,184.032243425324,184.032243425324,,
01RCF,Cadaverine,238.251046843792,3531.92276407892,0.0,238.251046843792,3531.92276407892,3293.6717172351277,,
01RCF,CholineChloride,173.274266673989,602.25966780528,0.0,173.274266673989,602.25966780528,428.9854011312909,,
01RCF,Citrate,2030.71616676957,10960.533585261,3886.5,1855.78383323043,7074.033585261001,8929.817418491431,47.74948753969973,182.01553030389812
01RCF,Creatine,1326.62307767821,3736.89600080405,215.4,1111.2230776782098,3521.49600080405,2410.27292312584,515.8881511969405,1634.8635101225857
01RCF,Creatinine,5878.36109582494,120826.437446869,24012.6,18134.238904175058,96813.837446869,114948.07635104406,75.51968093490525,403.1793202188393
01RCF,Cytosine,0.0,26516.6910776538,0.0,0.0,26516.6910776538,26516.6910776538,,
01RCF,D-Fructose,1136.85476786869,7750.53141724093,0.0,1136.85476786869,7750.53141724093,6613.67664937224,,
01RCF,D-Fucose,608.449346300843,1893.47316986967,0.0,608.449346300843,1893.47316986967,1285.023823568827,,
01RCF,D-Galactose,0.0,3357.74186032764,0.0,0.0,3357.74186032764,3357.74186032764,,
01RCF,D-Gluconate,376.456873571563,11134.5764227819,0.0,376.456873571563,11134.5764227819,10758.119549210336,,
01RCF,D-Glucose,385.107976023206,8255.5188589324,0.0,385.107976023206,8255.5188589324,7870.410882909195,,
01RCF,D-Glucose-6-Phosphate,1050.12994586425,7454.44235725773,0.0,1050.12994586425,7454.44235725773,6404.31241139348,,
01RCF,D-Glucuronate,911.272834951322,6060.78235187244,0.0,911.272834951322,6060.78235187244,5149.509516921118,,
01RCF,D-Maltose,394.617694437042,78.7434131620704,0.0,394.617694437042,78.7434131620704,315.8742812749716,,
01RCF,D-Mannose,0.0,5053.84860827823,0.0,0.0,5053.84860827823,5053.84860827823,,
01RCF,D-Sorbitol,384.754219030932,2644.07546177237,0.0,384.754219030932,2644.07546177237,2259.3212427414383,,
01RCF,Dihydrothymine,466.204907408721,1608.47998063749,0.0,466.204907408721,1608.47998063749,1142.2750732287689,,
01RCF,Dimethylamine,0.0,6458.54009573264,759.3,759.3,5699.24009573264,6458.54009573264,100.0,750.5913467315474
01RCF,Dimethylglycine,0.0,245.303005803142,0.0,0.0,245.303005803142,245.303005803142,,
01RCF,Dimethylsulfone,49.2923190499533,1228.44898028654,0.0,49.2923190499533,1228.44898028654,1179.1566612365868,,
01RCF,Ethanolamine,1031.47667280004,9460.50885901954,979.4,52.07667280004,8481.10885901954,8429.0321862195,5.3172016336573416,865.9494444577844
01RCF,Ethylmalonate,0.0,690.371098674332,0.0,0.0,690.371098674332,690.371098674332,,
01RCF,Formate,329.44817824836,2924.63285804939,515.2,185.75182175164002,2409.4328580493902,2595.18467980103,36.05431322819099,467.66942120523873
01RCF,Fumarate,0.0,22.380326921978,0.0,0.0,22.380326921978,22.380326921978,,
01RCF,GABA,214.906269007816,4618.53680134868,0.0,214.906269007816,4618.53680134868,4403.630532340863,,
01RCF,GDP,0.0,47.1265781957637,0.0,0.0,47.1265781957637,47.1265781957637,,
01RCF,GMP,303.723982257576,464.520491027673,0.0,303.723982257576,464.520491027673,160.79650877009703,,
01RCF,GTP,0.0,1285.06552728236,0.0,0.0,1285.06552728236,1285.06552728236,,
01RCF,Galactitol,158.668746852889,4117.26146626321,0.0,158.668746852889,4117.26146626321,3958.5927194103215,,
01RCF,Glutaconate,0.0,1574.98159598531,0.0,0.0,1574.98159598531,1574.98159598531,,
01RCF,Glycerate,1012.20251304237,0.0,0.0,1012.20251304237,0.0,1012.20251304237,,
01RCF,Glycerol,1043.60054258901,6002.90433381067,0.0,1043.60054258901,6002.90433381067,4959.3037912216605,,
01RCF,Glycerophosphocholine,111.2399207294,379.527338827209,0.0,111.2399207294,379.527338827209,268.287418097809,,
01RCF,Glycogen,707.826041938651,1872.02145728325,0.0,707.826041938651,1872.02145728325,1164.195415344599,,
01RCF,Glycolate,0.0,23920.0792551569,1226.6,1226.6,22693.4792551569,23920.0792551569,100.0,1850.1124453902576
01RCF,Guanidinoacetate,0.0,8525.91432896693,0.0,0.0,8525.91432896693,8525.91432896693,,
01RCF,Hippurate,3765.5424673218,9741.46236464434,4653.1,887.5575326782005,5088.362364644339,5975.919897322539,19.074542405669348,109.35424479689537
01RCF,Homovanillate,109.387675999424,1386.23458769578,0.0,109.387675999424,1386.23458769578,1276.846911696356,,
01RCF,Hypotaurine,205.218070248505,2060.50339934482,0.0,205.218070248505,2060.50339934482,1855.285329096315,,
01RCF,Hypoxanthine,0.0,611.545391672101,119.9,119.9,491.645391672101,611.545391672101,100.0,410.04619822527195
01RCF,IMP,0.0,74.729964012583,0.0,0.0,74.729964012583,74.729964012583,,
01RCF,Indoxylsulfate,456.19104742186,2520.02824557336,0.0,456.19104742186,2520.02824557336,2063.8371981515,,
01RCF,Inosine,0.0,1064.69888056051,0.0,0.0,1064.69888056051,1064.69888056051,,
01RCF,Isobutyrate,0.0,804.759825562905,0.0,0.0,804.759825562905,804.759825562905,,
01RCF,Isocitrate,0.0,7334.87634889928,0.0,0.0,7334.87634889928,7334.87634889928,,
01RCF,Isovalerate,97.2743291389239,922.214316077438,0.0,97.2743291389239,922.214316077438,824.939986938514,,
01RCF,Kynurenate,0.0,288.78910890939,0.0,0.0,288.78910890939,288.78910890939,,
01RCF,L-Alanine,485.733077128873,1628.27978193476,0.0,485.733077128873,1628.27978193476,1142.546704805887,,
01RCF,L-Anserine,334.697852431657,1831.89273597692,0.0,334.697852431657,1831.89273597692,1497.194883545263,,
01RCF,L-Arabitol,0.0,3222.02925602539,0.0,0.0,3222.02925602539,3222.02925602539,,
01RCF,L-Arginine,1100.62813440331,2213.50030634072,0.0,1100.62813440331,2213.50030634072,1112.8721719374098,,
01RCF,L-Asparagine,916.671400813635,5344.58440754538,0.0,916.671400813635,5344.58440754538,4427.913006731745,,
01RCF,L-Aspartate,1214.03573771089,6326.17016168126,0.0,1214.03573771089,6326.17016168126,5112.134423970369,,
01RCF,L-Carnitine,142.73696481239,935.262538455737,0.0,142.73696481239,935.262538455737,792.5255736433469,,
01RCF,L-Carnosine,258.721965612242,934.955206207668,0.0,258.721965612242,934.955206207668,676.233240595426,,
01RCF,L-Citrulline,907.739194985217,4850.32136517696,0.0,907.739194985217,4850.32136517696,3942.582170191743,,
01RCF,L-Cysteine,1150.59127244227,11796.1294195556,0.0,1150.59127244227,11796.1294195556,10645.53814711333,,
01RCF,L-Cystine,273.858984589013,5416.34483968003,0.0,273.858984589013,5416.34483968003,5142.485855091018,,
01RCF,L-Glutamate,1783.04309008215,4861.60549361839,0.0,1783.04309008215,4861.60549361839,3078.56240353624,,
01RCF,L-Glutamine,1143.79424342254,6204.3298717283,0.0,1143.79424342254,6204.3298717283,5060.53562830576,,
01RCF,L-Glutathione-oxidized,222.512115361501,2508.93607312883,0.0,222.512115361501,2508.93607312883,2286.423957767329,,
01RCF,L-Glutathione-reduced,0.0,1331.60781854831,0.0,0.0,1331.60781854831,1331.60781854831,,
01RCF,L-Glycine,0.0,15543.3204474895,0.0,0.0,15543.3204474895,15543.3204474895,,
01RCF,L-Histidine,333.430451392824,3560.12768105752,0.0,333.430451392824,3560.12768105752,3226.697229664696,,
01RCF,L-Isoleucine,183.787886366808,420.752434359151,0.0,183.787886366808,420.752434359151,236.96454799234297,,
01RCF,L-Leucine,190.1210296185,1110.71978174612,0.0,190.1210296185,1110.71978174612,920.59875212762,,
01RCF,L-Lysine,1031.65737749086,3815.40375141231,0.0,1031.65737749086,3815.40375141231,2783.74637392145,,
01RCF,L-Methionine,0.0,1641.88687334281,0.0,0.0,1641.88687334281,1641.88687334281,,
01RCF,L-Ornithine,0.0,4039.44901188191,0.0,0.0,4039.44901188191,4039.44901188191,,
01RCF,L-Phenylalanine,452.019105964731,2852.62305355892,0.0,452.019105964731,2852.62305355892,2400.6039475941893,,
01RCF,L-Proline,1340.85978649036,12056.6398232553,0.0,1340.85978649036,12056.6398232553,10715.78003676494,,
01RCF,L-Serine,0.0,17181.1846411819,0.0,0.0,17181.1846411819,17181.1846411819,,
01RCF,L-Threonine,559.81901477282,1720.01581511536,0.0,559.81901477282,1720.01581511536,1160.19680034254,,
01RCF,L-Tryptophane,689.72875520344,3263.48739484744,0.0,689.72875520344,3263.48739484744,2573.758639644,,
01RCF,L-Tyrosine,0.0,1281.78185399416,0.0,0.0,1281.78185399416,1281.78185399416,,
01RCF,L-Valine,0.0,983.839770835278,0.0,0.0,983.839770835278,983.839770835278,,
01RCF,Lactate,0.0,5109.66115443565,44.3,44.3,5065.36115443565,5109.66115443565,100.0,11434.223824911174
01RCF,Lactose,1255.35684587799,7211.61216399885,0.0,1255.35684587799,7211.61216399885,5956.25531812086,,
01RCF,Levoglucosan,594.634086846791,3883.2459519021,0.0,594.634086846791,3883.2459519021,3288.611865055309,,
01RCF,Levulinate,94.3231246818881,263.548532119366,0.0,94.3231246818881,263.548532119366,169.22540743747788,,
01RCF,Malate,0.0,5571.77771355457,0.0,0.0,5571.77771355457,5571.77771355457,,
01RCF,Malonate,357.605784508392,0.0,685.2,327.59421549160805,685.2,357.605784508392,47.81001393631174,100.0
01RCF,Mandelate,156.022228085191,0.0,0.0,156.022228085191,0.0,156.022228085191,,
01RCF,Methylamine,0.0,1006.98904568648,0.0,0.0,1006.98904568648,1006.98904568648,,
01RCF,Methylguanidine,112.147429085215,1966.22158968227,0.0,112.147429085215,1966.22158968227,1854.074160597055,,
01RCF,Methylmalonate,83.3912690155217,2679.08308726344,0.0,83.3912690155217,2679.08308726344,2595.6918182479185,,
01RCF,Myo-Inositol,590.316375004595,5040.65850304404,0.0,590.316375004595,5040.65850304404,4450.342128039445,,
01RCF,N-(2-Furoyl)Glycine,256.622278730123,726.636169216821,0.0,256.622278730123,726.636169216821,470.013890486698,,
01RCF,N-Acetyl-L-Aspartate,142.626437210678,5144.35815303069,0.0,142.626437210678,5144.35815303069,5001.731715820012,,
01RCF,N-Acetylglycine,371.66761783061,3013.00652137936,0.0,371.66761783061,3013.00652137936,2641.33890354875,,
01RCF,NADP,0.0,0.0568522196321375,0.0,0.0,0.0568522196321375,0.0568522196321375,,
01RCF,Nicotinate,0.0,3.89525503464296,0.0,0.0,3.89525503464296,3.89525503464296,,
01RCF,Nicotinurate,0.0,0.263328575496967,0.0,0.0,0.263328575496967,0.263328575496967,,
01RCF,O-Acetyl-L-Carnitine,79.3855601878584,1953.88016045398,0.0,79.3855601878584,1953.88016045398,1874.4946002661216,,
01RCF,Pantothenate,0.0,783.451519503305,72.2,72.2,711.251519503305,783.451519503305,100.0,985.1129078993143
01RCF,Phenethylamine,329.796211634769,8500.18214524583,0.0,329.796211634769,8500.18214524583,8170.385933611061,,
01RCF,Phenylglyoxylate,349.430534853008,1950.27838651778,0.0,349.430534853008,1950.27838651778,1600.847851664772,,
01RCF,Phosphocholine,0.0,1465.0140941592,0.0,0.0,1465.0140941592,1465.0140941592,,
01RCF,Pimelate,221.370125680701,0.0,0.0,221.370125680701,0.0,221.370125680701,,
01RCF,PropyleneGlycol,252.892066336609,1142.54582122757,0.0,252.892066336609,1142.54582122757,889.6537548909611,,
01RCF,Putrescine,572.061596057656,2191.08668337226,0.0,572.061596057656,2191.08668337226,1619.0250873146038,,
01RCF,Pyrocatechol,184.487317213838,1392.93117759336,0.0,184.487317213838,1392.93117759336,1208.443860379522,,
01RCF,Pyroglutamate,1045.62931633811,3877.88140718988,502.6,543.0293163381099,3375.28140718988,2832.25209085177,108.04403428931752,671.5641478690569
01RCF,Pyruvate,0.0,499.124290536785,0.0,0.0,499.124290536785,499.124290536785,,
01RCF,Quinolinate,0.0,1462.07608682436,0.0,0.0,1462.07608682436,1462.07608682436,,
01RCF,S-Acetamidomethylcysteine,194.855560019889,1464.48180198681,0.0,194.855560019889,1464.48180198681,1269.626241966921,,
01RCF,Saccarate,716.220631053004,8848.67622824952,0.0,716.220631053004,8848.67622824952,8132.4555971965165,,
01RCF,Sarcosine,0.0,1566.94397404984,0.0,0.0,1566.94397404984,1566.94397404984,,
01RCF,Saturated_fattty_acids,134.964241821335,1435.91344908117,0.0,134.964241821335,1435.91344908117,1300.949207259835,,
01RCF,Sebacate,0.0,274.294299329072,0.0,0.0,274.294299329072,274.294299329072,,
01RCF,Spermidine,283.448946155365,2644.89974252666,0.0,283.448946155365,2644.89974252666,2361.450796371295,,
01RCF,Succinate,0.0,316.090371280542,58.4,58.4,257.690371280542,316.090371280542,100.0,441.25063575435274
01RCF,Syringate,306.308963499731,1223.49500090302,0.0,306.308963499731,1223.49500090302,917.1860374032889,,
01RCF,TMAO,748.968953503383,634.12548770753,0.0,748.968953503383,634.12548770753,114.84346579585292,,
01RCF,Tartarate,0.0,1064.20501425133,0.0,0.0,1064.20501425133,1064.20501425133,,
01RCF,Taurine,2064.74836562732,19318.1267760495,2148.6,83.85163437268011,17169.5267760495,17253.378410422178,3.9026172564777117,799.1029868774784
01RCF,Threitol,1066.66372160999,6208.01439205347,0.0,1066.66372160999,6208.01439205347,5141.35067044348,,
01RCF,Threonate,1432.34084895401,19235.3915727742,0.0,1432.34084895401,19235.3915727742,17803.05072382019,,
01RCF,Trans-Acotinate,0.0,2895.75164872919,0.0,0.0,2895.75164872919,2895.75164872919,,
01RCF,Trigonelline,1427.90956415214,792.35991695209,1538.7,110.79043584785995,746.3400830479101,635.5496472000501,7.200262289456032,48.50458718710015
01RCF,Trimethylamine,84.2938004413551,627.901200873609,0.0,84.2938004413551,627.901200873609,543.6074004322539,,
01RCF,UDP,247.658932914655,566.871009769082,0.0,247.658932914655,566.871009769082,319.212076854427,,
01RCF,UDPG,194.839081925943,233.661161555896,0.0,194.839081925943,233.661161555896,38.82207962995301,,
01RCF,UMP,280.509826962372,376.323827638565,0.0,280.509826962372,376.323827638565,95.81400067619296,,
01RCF,UTP,174.192643981524,1439.02299763388,0.0,174.192643981524,1439.02299763388,1264.830353652356,,
01RCF,Uracil,1042.04361909518,18885.6038443532,181.8,860.2436190951801,18703.803844353202,17843.56022525802,473.1813086332123,10288.12092648691
01RCF,Uridine,386.412462035985,699.323154852169,46.3,340.112462035985,653.023154852169,312.91069281618394,734.5841512656264,1410.4171811061967
01RCF,Urocanate,0.0,2238.94449628954,25.0,25.0,2213.94449628954,2238.94449628954,100.0,8855.77798515816
01RCF,Valerate,232.584736604156,1055.91883334881,0.0,232.584736604156,1055.91883334881,823.3340967446541,,
01RCF,Vanillate,214.976271477538,1310.14590709887,0.0,214.976271477538,1310.14590709887,1095.1696356213322,,
01RCF,Xylitol,291.138457890782,7219.30217612643,498.6,207.46154210921804,6720.70217612643,6928.163718235648,41.60881309851946,1347.91459609435
01RCF,alpha-Hydroxyisobutyrate,151.416550329039,1135.84871501521,0.0,151.416550329039,1135.84871501521,984.4321646861711,,
01RCF,dAMP,0.0,3.66239809043155,0.0,0.0,3.66239809043155,3.66239809043155,,
01RCF,trans-4-Hydroxy-L-Proline,460.775089302597,3158.23097358878,0.0,460.775089302597,3158.23097358878,2697.4558842861834,,
01RCF,trans-Ferulate,0.0,1737.60265263987,0.0,0.0,1737.60265263987,1737.60265263987,,
02RCF,"1,3-Diaminopropane",994.634762523945,5910.29397537815,0.0,994.634762523945,5910.29397537815,4915.659212854205,,
02RCF,1-Methyl-L-Histidine,681.375388157089,7355.12011381491,0.0,681.375388157089,7355.12011381491,6673.744725657821,,
02RCF,1-Methylhydantoin,262.417899572746,4466.48820808522,0.0,262.417899572746,4466.48820808522,4204.070308512474,,
02RCF,2-AminoAdipate,884.028282873458,6456.80701916821,0.0,884.028282873458,6456.80701916821,5572.778736294752,,
02RCF,2-Aminobutyrate,0.0,870.042854039074,0.0,0.0,870.042854039074,870.042854039074,,
02RCF,2-Deoxyadenosine,278.071708728886,432.251939237384,0.0,278.071708728886,432.251939237384,154.18023050849803,,
02RCF,2-Deoxycytidine,0.0,4428.62112935823,0.0,0.0,4428.62112935823,4428.62112935823,,
02RCF,2-Deoxyguanosine,0.0,1381.40089115566,0.0,0.0,1381.40089115566,1381.40089115566,,
02RCF,2-Hydroxybutyrate,242.33245351167,0.0,0.0,242.33245351167,0.0,242.33245351167,,
02RCF,2-HydroxyphenylAcetate,168.173994089936,133.486824335084,0.0,168.173994089936,133.486824335084,34.68716975485199,,
02RCF,2-Methylglutarate,0.0,527.782744213409,0.0,0.0,527.782744213409,527.782744213409,,
02RCF,2-Oxobutyrate,201.301850476314,1781.06710572204,0.0,201.301850476314,1781.06710572204,1579.765255245726,,
02RCF,2-Oxoglutarate,291.05208680773,6039.11206767813,200.0,91.05208680773,5839.11206767813,5748.0599808704,45.526043403865,2919.556033839065
02RCF,2-Oxoisovalerate,0.0,1255.03229538934,0.0,0.0,1255.03229538934,1255.03229538934,,
02RCF,2-Picolinate,0.0,94.3508015834879,0.0,0.0,94.3508015834879,94.3508015834879,,
02RCF,2-Propanol,81.6986920882692,441.634042120442,0.0,81.6986920882692,441.634042120442,359.93535003217283,,
02RCF,3-Hydroxybutyrate,0.0,2092.02758835731,49.4,49.4,2042.6275883573098,2092.02758835731,100.0,4134.873660642328
02RCF,3-HydroxyphenylAcetate,0.0,1198.79786734888,0.0,0.0,1198.79786734888,1198.79786734888,,
02RCF,3-Methyl-L-Histidine,772.166589379296,37182.8099559478,0.0,772.166589379296,37182.8099559478,36410.6433665685,,
02RCF,3-Methyladipate,274.56453083073,2213.32093010138,0.0,274.56453083073,2213.32093010138,1938.7563992706498,,
02RCF,3-Methylxanthine,0.0,3599.16966433866,0.0,0.0,3599.16966433866,3599.16966433866,,
02RCF,3-PhenylPropionate,267.334138860076,2452.71354507769,0.0,267.334138860076,2452.71354507769,2185.379406217614,,
02RCF,4-AminoHippurate,148.645456126915,1786.02757506267,0.0,148.645456126915,1786.02757506267,1637.382118935755,,
02RCF,4-EthylPhenol,160.897631347972,1816.04218510472,0.0,160.897631347972,1816.04218510472,1655.1445537567479,,
02RCF,4-HydroxyphenylAcetate,489.950601809583,1679.39932147043,0.0,489.950601809583,1679.39932147043,1189.448719660847,,
02RCF,5-AminoValerate,371.98736812846,1706.30438870005,0.0,371.98736812846,1706.30438870005,1334.3170205715899,,
02RCF,7-Methylxanthine,0.0,1505.7722431374,0.0,0.0,1505.7722431374,1505.7722431374,,
02RCF,ATP,0.0,491.604929674145,0.0,0.0,491.604929674145,491.604929674145,,
02RCF,Acetaminophen,0.0,367.837167999421,0.0,0.0,367.837167999421,367.837167999421,,
02RCF,Acetate,199.377451476697,2144.11611499558,132.4,66.97745147669698,2011.71611499558,1944.7386635188832,50.58719900052642,1519.423047579743
02RCF,Acetoacetate,119.403815314686,756.01497331386,55.1,64.303815314686,700.91497331386,636.611157999174,116.70383904661708,1272.0779914952086
02RCF,Acetone,86.5817669867603,321.442115915296,43.1,43.4817669867603,278.34211591529595,234.86034892853567,100.88577027090557,645.8053733533549
02RCF,Adenine,242.068964081482,899.04264940122,0.0,242.068964081482,899.04264940122,656.973685319738,,
02RCF,Adenosine,163.813088330389,956.381966435173,0.0,163.813088330389,956.381966435173,792.5688781047841,,
02RCF,Adipate,250.505938426211,725.174021155002,0.0,250.505938426211,725.174021155002,474.66808272879103,,
02RCF,Allantoin,0.0,3496.68269494622,0.0,0.0,3496.68269494622,3496.68269494622,,
02RCF,Argininosuccinate,0.0,2554.10495205633,0.0,0.0,2554.10495205633,2554.10495205633,,
02RCF,Ascorbate,678.490951605381,42.9093634530622,0.0,678.490951605381,42.9093634530622,635.5815881523189,,
02RCF,Benzoate,0.0,751.195325806364,0.0,0.0,751.195325806364,751.195325806364,,
02RCF,Beta-Alanine,1363.13766205492,8953.00155631872,0.0,1363.13766205492,8953.00155631872,7589.863894263801,,
02RCF,Betaine,0.0,4283.58431605369,127.5,127.5,4156.08431605369,4283.58431605369,100.0,3259.6739733754425
02RCF,CDP,0.0,765.931491679984,0.0,0.0,765.931491679984,765.931491679984,,
02RCF,CMP,0.0,831.818234736497,0.0,0.0,831.818234736497,831.818234736497,,
02RCF,CTP,0.0,47.4555638305981,0.0,0.0,47.4555638305981,47.4555638305981,,
02RCF,Cadaverine,0.0,783.156229110476,0.0,0.0,783.156229110476,783.156229110476,,
02RCF,CholineChloride,142.604980366274,2574.02023444251,0.0,142.604980366274,2574.02023444251,2431.415254076236,,
02RCF,Citraconate,0.0,198.731682368565,0.0,0.0,198.731682368565,198.731682368565,,
02RCF,Citrate,693.596049356594,4598.03280330224,1742.3,1048.703950643406,2855.7328033022395,3904.4367539456457,60.1907794664183,163.90591765495262
02RCF,Creatine,0.0,15914.5097832402,965.6,965.6,14948.9097832402,15914.5097832402,100.0,1548.1472435004348
02RCF,Creatinine,22656.4222577883,338374.919256005,14392.1,8264.3222577883,323982.81925600505,315718.4969982167,57.42262948275999,2251.115676350255
02RCF,Cytosine,0.0,3570.6997664157,0.0,0.0,3570.6997664157,3570.6997664157,,
02RCF,D-Fructose,0.0,1599.0671714285,0.0,0.0,1599.0671714285,1599.0671714285,,
02RCF,D-Fucose,785.595202147787,1907.70624536568,0.0,785.595202147787,1907.70624536568,1122.111043217893,,
02RCF,D-Galactose,0.0,1915.32736605701,0.0,0.0,1915.32736605701,1915.32736605701,,
02RCF,D-Gluconate,0.0,7070.2451895923,0.0,0.0,7070.2451895923,7070.2451895923,,
02RCF,D-Glucose,689.108925256336,5866.97074040764,0.0,689.108925256336,5866.97074040764,5177.861815151304,,
02RCF,D-Glucose-6-Phosphate,582.851626993723,10846.929736738,0.0,582.851626993723,10846.929736738,10264.078109744278,,
02RCF,D-Glucuronate,909.654006306565,5989.1136341984,0.0,909.654006306565,5989.1136341984,5079.459627891835,,
02RCF,D-Maltose,0.0,1642.56744188816,0.0,0.0,1642.56744188816,1642.56744188816,,
02RCF,D-Mannose,0.0,4261.3570653616,0.0,0.0,4261.3570653616,4261.3570653616,,
02RCF,D-Sorbitol,595.701518347396,10334.4492022914,0.0,595.701518347396,10334.4492022914,9738.747683944004,,
02RCF,DehydroAscorbate,1057.81166476038,6656.66590746274,0.0,1057.81166476038,6656.66590746274,5598.854242702359,,
02RCF,Dihydrothymine,191.906827236696,1278.09447971067,0.0,191.906827236696,1278.09447971067,1086.187652473974,,
02RCF,Dimethylamine,104.316596826925,7960.19044592568,449.1,344.78340317307504,7511.09044592568,7855.873849098755,76.77207819485082,1672.4761625307683
02RCF,Dimethylglycine,136.362363986387,619.673125206147,0.0,136.362363986387,619.673125206147,483.31076121976,,
02RCF,Dimethylsulfone,154.937415427901,2079.20952750915,0.0,154.937415427901,2079.20952750915,1924.2721120812491,,
02RCF,Ethanolamine,1456.88561136431,14720.6859294296,662.5,794.3856113643101,14058.1859294296,13263.800318065289,119.90726209272604,2121.9903289705053
02RCF,Ethylmalonate,142.993064580916,1837.63243358871,0.0,142.993064580916,1837.63243358871,1694.639369007794,,
02RCF,Formate,875.648994938724,9221.42413409191,775.6,100.04899493872392,8445.82413409191,8345.775139153187,12.899560977143363,1088.9407083666722
02RCF,Fumarate,0.0,6.04785043690419,0.0,0.0,6.04785043690419,6.04785043690419,,
02RCF,GABA,287.812198326117,5163.20224165213,0.0,287.812198326117,5163.20224165213,4875.390043326013,,
02RCF,GMP,576.169563341218,4210.77242257809,0.0,576.169563341218,4210.77242257809,3634.602859236872,,
02RCF,GTP,0.0,2923.67719595409,0.0,0.0,2923.67719595409,2923.67719595409,,
02RCF,Galactitol,153.285462920391,4760.20619029745,0.0,153.285462920391,4760.20619029745,4606.920727377059,,
02RCF,Glutaconate,523.494739729551,814.564723196167,0.0,523.494739729551,814.564723196167,291.069983466616,,
02RCF,Glutarate,0.0,594.30833709211,0.0,0.0,594.30833709211,594.30833709211,,
02RCF,Glycerol,810.552111893138,4974.33406342317,0.0,810.552111893138,4974.33406342317,4163.781951530032,,
02RCF,Glycerophosphocholine,281.026541264184,898.911280386589,0.0,281.026541264184,898.911280386589,617.8847391224051,,
02RCF,Glycogen,0.0,2093.1817486215,0.0,0.0,2093.1817486215,2093.1817486215,,
02RCF,Glycolate,2252.27131517641,6775.07314812203,547.1,1705.1713151764102,6227.97314812203,4522.80183294562,311.6745229713782,1138.361021407792
02RCF,Guanidinoacetate,0.0,17787.988140959,0.0,0.0,17787.988140959,17787.988140959,,
02RCF,Hippurate,922.796702949159,13758.6600272098,698.6,224.19670294915898,13060.0600272098,12835.863324260641,32.092284991291,1869.4617845991697
02RCF,Homovanillate,269.733751781611,12.992727012245,0.0,269.733751781611,12.992727012245,256.741024769366,,
02RCF,Hypotaurine,0.0,1888.83020252302,0.0,0.0,1888.83020252302,1888.83020252302,,
02RCF,Hypoxanthine,226.343157597706,645.488387230875,106.6,119.74315759770602,538.888387230875,419.145229633169,112.32941613293248,505.5238154135788
02RCF,IMP,0.0,192.154860241966,0.0,0.0,192.154860241966,192.154860241966,,
02RCF,Indoxylsulfate,327.855191440644,2756.17926527944,0.0,327.855191440644,2756.17926527944,2428.3240738387963,,
02RCF,Inosine,0.0,340.295036450178,0.0,0.0,340.295036450178,340.295036450178,,
02RCF,Isobutyrate,178.023002301598,2475.32783096408,0.0,178.023002301598,2475.32783096408,2297.304828662482,,
02RCF,Isocitrate,753.743014118944,11103.3911146069,0.0,753.743014118944,11103.3911146069,10349.648100487957,,
02RCF,Isovalerate,82.6609237801729,1161.89339484278,0.0,82.6609237801729,1161.89339484278,1079.2324710626071,,
02RCF,Kynurenate,0.0,273.692059461691,0.0,0.0,273.692059461691,273.692059461691,,
02RCF,L-Alanine,1402.20694137597,4079.68762878759,0.0,1402.20694137597,4079.68762878759,2677.48068741162,,
02RCF,L-Anserine,807.678170007758,3969.97810438743,0.0,807.678170007758,3969.97810438743,3162.299934379672,,
02RCF,L-Arabitol,392.629751781248,0.0,0.0,392.629751781248,0.0,392.629751781248,,
02RCF,L-Arginine,2138.25348367573,2801.58474871438,0.0,2138.25348367573,2801.58474871438,663.3312650386501,,
02RCF,L-Asparagine,1088.98796576869,7564.12578412142,0.0,1088.98796576869,7564.12578412142,6475.13781835273,,
02RCF,L-Aspartate,987.036335571986,7738.83694820853,0.0,987.036335571986,7738.83694820853,6751.8006126365435,,
02RCF,L-Carnitine,274.375771609417,4097.3736147873,0.0,274.375771609417,4097.3736147873,3822.9978431778827,,
02RCF,L-Carnosine,1491.38108877731,16021.9411146306,0.0,1491.38108877731,16021.9411146306,14530.560025853289,,
02RCF,L-Citrulline,722.994666137856,3228.25636025318,0.0,722.994666137856,3228.25636025318,2505.2616941153237,,
02RCF,L-Cysteine,0.0,23501.9391777993,0.0,0.0,23501.9391777993,23501.9391777993,,
02RCF,L-Cystine,277.153678449493,3167.68079364474,0.0,277.153678449493,3167.68079364474,2890.527115195247,,
02RCF,L-Glutamate,1564.32860841302,8243.78001600327,0.0,1564.32860841302,8243.78001600327,6679.45140759025,,
02RCF,L-Glutamine,2093.67248090477,22149.2025223504,0.0,2093.67248090477,22149.2025223504,20055.53004144563,,
02RCF,L-Glutathione-oxidized,501.401587751893,3843.59363077198,0.0,501.401587751893,3843.59363077198,3342.192043020087,,
02RCF,L-Glutathione-reduced,0.0,1448.52532226929,0.0,0.0,1448.52532226929,1448.52532226929,,
02RCF,L-Glycine,5074.53578969466,81779.2290826844,0.0,5074.53578969466,81779.2290826844,76704.69329298973,,
02RCF,L-Histidine,1411.28334569263,2925.26540803874,0.0,1411.28334569263,2925.26540803874,1513.98206234611,,
02RCF,L-Isoleucine,214.272963407077,406.124491703669,0.0,214.272963407077,406.124491703669,191.851528296592,,
02RCF,L-Leucine,258.169700283033,1909.37660564962,0.0,258.169700283033,1909.37660564962,1651.2069053665869,,
02RCF,L-Lysine,0.0,4668.61826263588,0.0,0.0,4668.61826263588,4668.61826263588,,
02RCF,L-Methionine,153.88620777345,0.0,0.0,153.88620777345,0.0,153.88620777345,,
02RCF,L-Ornithine,0.0,5854.22603771566,0.0,0.0,5854.22603771566,5854.22603771566,,
02RCF,L-Phenylalanine,437.654247389087,1332.415669879,0.0,437.654247389087,1332.415669879,894.761422489913,,
02RCF,L-Proline,1549.93662699265,11262.6613337183,0.0,1549.93662699265,11262.6613337183,9712.72470672565,,
02RCF,L-Serine,2911.28901027846,31789.7987221952,0.0,2911.28901027846,31789.7987221952,28878.50971191674,,
02RCF,L-Threonine,842.905066929105,1747.39029796116,0.0,842.905066929105,1747.39029796116,904.485231032055,,
02RCF,L-Tryptophane,352.282869226049,2589.32370924492,0.0,352.282869226049,2589.32370924492,2237.0408400188708,,
02RCF,L-Tyrosine,191.213163267826,2030.47588819515,0.0,191.213163267826,2030.47588819515,1839.262724927324,,
02RCF,L-Valine,187.565089651623,2251.66669006968,0.0,187.565089651623,2251.66669006968,2064.101600418057,,
02RCF,Lactate,452.71324945492,13106.1947384058,39.4,413.31324945492,13066.7947384058,12653.48148895088,1049.018399631777,33164.453650776144
02RCF,Lactose,1281.146769651,13853.9305177342,0.0,1281.146769651,13853.9305177342,12572.783748083199,,
02RCF,Levoglucosan,635.939654228786,2403.06267760215,0.0,635.939654228786,2403.06267760215,1767.123023373364,,
02RCF,Levulinate,0.0,764.470132178567,0.0,0.0,764.470132178567,764.470132178567,,
02RCF,Malate,0.0,1723.14641176692,0.0,0.0,1723.14641176692,1723.14641176692,,
02RCF,Malonate,773.425235691444,3009.46150708023,602.0,171.42523569144396,2407.46150708023,2236.036271388786,28.47595277266511,399.91054934887546
02RCF,Methylamine,0.0,1099.73328814472,0.0,0.0,1099.73328814472,1099.73328814472,,
02RCF,Methylguanidine,107.843479887807,1452.80052640514,0.0,107.843479887807,1452.80052640514,1344.957046517333,,
02RCF,Methylmalonate,0.0,3415.72258621146,0.0,0.0,3415.72258621146,3415.72258621146,,
02RCF,Myo-Inositol,478.800833772797,4110.5521152939,0.0,478.800833772797,4110.5521152939,3631.751281521103,,
02RCF,N-(2-Furoyl)Glycine,0.0,953.807742857024,0.0,0.0,953.807742857024,953.807742857024,,
02RCF,N-Acetyl-L-Aspartate,209.427047031633,5032.44148181553,0.0,209.427047031633,5032.44148181553,4823.014434783897,,
02RCF,N-Acetylglycine,559.63954731738,4861.02511369734,0.0,559.63954731738,4861.02511369734,4301.38556637996,,
02RCF,Nicotinate,0.0,0.0685259068681063,0.0,0.0,0.0685259068681063,0.0685259068681063,,
02RCF,O-Acetyl-L-Carnitine,137.09657139315,2997.29711323832,0.0,137.09657139315,2997.29711323832,2860.20054184517,,
02RCF,Pantothenate,0.0,1127.36652083295,65.2,65.2,1062.16652083295,1127.36652083295,100.0,1629.0897558787578
02RCF,Phenethylamine,843.542052917836,10173.5067720378,0.0,843.542052917836,10173.5067720378,9329.964719119964,,
02RCF,Phenylglyoxylate,0.0,2419.48801831485,0.0,0.0,2419.48801831485,2419.48801831485,,
02RCF,Phosphocholine,0.0,4340.12821708965,0.0,0.0,4340.12821708965,4340.12821708965,,
02RCF,PropyleneGlycol,175.731298548158,1550.56530164565,0.0,175.731298548158,1550.56530164565,1374.8340030974919,,
02RCF,Putrescine,185.438029769164,1508.07463259015,0.0,185.438029769164,1508.07463259015,1322.6366028209861,,
02RCF,Pyrocatechol,0.0,1893.91346470173,0.0,0.0,1893.91346470173,1893.91346470173,,
02RCF,Pyroglutamate,903.633312288197,6575.84317380835,232.6,671.033312288197,6343.24317380835,5672.209861520153,288.4923956527072,2727.103686074097
02RCF,Quinolinate,0.0,2386.30476849341,0.0,0.0,2386.30476849341,2386.30476849341,,
02RCF,S-Acetamidomethylcysteine,187.989922641575,370.80749321237,0.0,187.989922641575,370.80749321237,182.817570570795,,
02RCF,Saccarate,416.350883390497,6256.29997334198,0.0,416.350883390497,6256.29997334198,5839.949089951483,,
02RCF,Sarcosine,0.0,874.267471893863,0.0,0.0,874.267471893863,874.267471893863,,
02RCF,Saturated_fattty_acids,93.4933266229804,3112.17958485142,0.0,93.4933266229804,3112.17958485142,3018.6862582284393,,
02RCF,Spermidine,0.0,2850.72737269191,0.0,0.0,2850.72737269191,2850.72737269191,,
02RCF,Succinate,0.0,0.0,20.1,20.1,20.1,0.0,100.0,100.0
02RCF,Syringate,45.0359840951904,730.286163732815,0.0,45.0359840951904,730.286163732815,685.2501796376246,,
02RCF,TMAO,420.455074239196,604.363744986481,0.0,420.455074239196,604.363744986481,183.90867074728504,,
02RCF,Taurine,1143.13605378019,27915.5194276784,1589.1,445.96394621980994,26326.4194276784,26772.38337389821,28.063932176691836,1656.6873971227992
02RCF,Threitol,729.7644051823,16579.3231112409,0.0,729.7644051823,16579.3231112409,15849.5587060586,,
02RCF,Threonate,1175.42020721663,14667.3672042561,0.0,1175.42020721663,14667.3672042561,13491.94699703947,,
02RCF,Trans-Acotinate,0.0,1292.57729352916,0.0,0.0,1292.57729352916,1292.57729352916,,
02RCF,Trigonelline,586.152417797409,6422.95572235987,346.3,239.85241779740903,6076.65572235987,5836.803304562462,69.26145474946838,1754.7374306554634
02RCF,Trimethylamine,155.986620701944,549.609793418933,0.0,155.986620701944,549.609793418933,393.623172716989,,
02RCF,UDPG,0.0,183.47233207809,0.0,0.0,183.47233207809,183.47233207809,,
02RCF,UMP,532.593328333751,690.78684913664,0.0,532.593328333751,690.78684913664,158.193520802889,,
02RCF,UTP,192.415645653638,2342.07538280095,0.0,192.415645653638,2342.07538280095,2149.659737147312,,
02RCF,Uracil,2303.26219922832,1901.60335515759,88.3,2214.9621992283196,1813.30335515759,401.65884407072986,2508.4509617534763,2053.5711836439295
02RCF,Uridine,418.936287461668,432.449612878862,26.9,392.036287461668,405.54961287886204,13.51332541719404,1457.383968258989,1507.6193787318293
02RCF,Urocanate,0.0,235.211067200968,17.0,17.0,218.211067200968,235.211067200968,100.0,1283.5945129468705
02RCF,Valerate,213.832314285628,949.175131462943,0.0,213.832314285628,949.175131462943,735.342817177315,,
02RCF,Vanillate,193.940282980057,246.294152383622,0.0,193.940282980057,246.294152383622,52.353869403565,,
02RCF,Xylitol,1098.97697070612,2192.02157281648,321.3,777.6769707061201,1870.72157281648,1093.0446021103598,242.04076274700284,582.2351611629256
02RCF,alpha-Hydroxyisobutyrate,142.80596393728,1547.12653085412,0.0,142.80596393728,1547.12653085412,1404.3205669168399,,
02RCF,beta-Hydroxyisovalerate,340.419147918697,0.0,0.0,340.419147918697,0.0,340.419147918697,,
02RCF,trans-4-Hydroxy-L-Proline,0.0,1372.27959844643,0.0,0.0,1372.27959844643,1372.27959844643,,
02RCF,trans-Ferulate,0.0,1496.85365501781,0.0,0.0,1496.85365501781,1496.85365501781,,
03RCF,"1,3-Diaminopropane",1132.62508350681,6507.10353402404,0.0,1132.62508350681,6507.10353402404,5374.47845051723,,
03RCF,1-Methyl-L-Histidine,0.0,972.020559641689,0.0,0.0,972.020559641689,972.020559641689,,
03RCF,1-Methylhydantoin,316.791750046117,943.364159848372,0.0,316.791750046117,943.364159848372,626.5724098022549,,
03RCF,2-AminoAdipate,1274.51708981384,4006.72121364181,0.0,1274.51708981384,4006.72121364181,2732.2041238279703,,
03RCF,2-Aminobutyrate,168.57830096204,599.727632404237,0.0,168.57830096204,599.727632404237,431.1493314421971,,
03RCF,2-Deoxyadenosine,241.696507286515,248.712340285414,0.0,241.696507286515,248.712340285414,7.015832998899015,,
03RCF,2-Deoxycytidine,0.0,7175.18160099008,0.0,0.0,7175.18160099008,7175.18160099008,,
03RCF,2-Deoxyguanosine,0.0,1159.12494601279,0.0,0.0,1159.12494601279,1159.12494601279,,
03RCF,2-Hydroxybutyrate,339.105530727626,0.0,0.0,339.105530727626,0.0,339.105530727626,,
03RCF,2-HydroxyphenylAcetate,0.0,1099.6552434477,0.0,0.0,1099.6552434477,1099.6552434477,,
03RCF,2-Methylglutarate,210.889574559838,1282.85381270192,0.0,210.889574559838,1282.85381270192,1071.9642381420822,,
03RCF,2-Oxobutyrate,219.475384919339,1144.09277352646,0.0,219.475384919339,1144.09277352646,924.6173886071209,,
03RCF,2-Oxoglutarate,564.255487085474,2518.7342868971,175.6,388.65548708547396,2343.1342868971,1954.478799811626,221.33000403500796,1334.3589333126995
03RCF,2-Oxoisovalerate,0.0,454.807778375261,0.0,0.0,454.807778375261,454.807778375261,,
03RCF,2-Picolinate,0.0,1315.24547775434,0.0,0.0,1315.24547775434,1315.24547775434,,
03RCF,2-Propanol,235.179978595502,2541.13151886869,0.0,235.179978595502,2541.13151886869,2305.9515402731877,,
03RCF,3-Hydroxybutyrate,380.40258374053,256.653237273178,45.1,335.30258374053,211.55323727317798,123.74934646735204,743.4647089590466,469.07591413121503
03RCF,3-HydroxyphenylAcetate,136.706836675765,2358.12160257624,0.0,136.706836675765,2358.12160257624,2221.4147659004752,,
03RCF,3-Methyladipate,301.034719859726,1647.67175067287,0.0,301.034719859726,1647.67175067287,1346.637030813144,,
03RCF,3-Methylxanthine,0.0,8200.40154766399,0.0,0.0,8200.40154766399,8200.40154766399,,
03RCF,3-PhenylPropionate,364.307738707717,1170.07149948689,0.0,364.307738707717,1170.07149948689,805.7637607791729,,
03RCF,4-AminoHippurate,237.956585445643,1127.66284940426,0.0,237.956585445643,1127.66284940426,889.706263958617,,
03RCF,4-EthylPhenol,313.547629045123,496.003450321238,0.0,313.547629045123,496.003450321238,182.455821276115,,
03RCF,4-HydroxyphenylAcetate,211.415185368391,773.001190480757,0.0,211.415185368391,773.001190480757,561.586005112366,,
03RCF,5-AminoValerate,0.0,1483.59870631292,0.0,0.0,1483.59870631292,1483.59870631292,,
03RCF,AMP,0.0,31.6639653934883,0.0,0.0,31.6639653934883,31.6639653934883,,
03RCF,ATP,0.0,456.961981360015,0.0,0.0,456.961981360015,456.961981360015,,
03RCF,Acetaminophen,0.0,937.510479663213,0.0,0.0,937.510479663213,937.510479663213,,
03RCF,Acetate,169.433197230578,0.0,73.4,96.033197230578,73.4,169.433197230578,130.83541857026975,100.0
03RCF,Acetoacetate,156.977865906518,622.20351195153,56.7,100.27786590651799,565.50351195153,465.225646045012,176.8569063607019,997.3606912725396
03RCF,Acetone,76.6216342127089,404.261530932529,25.5,51.1216342127089,378.761530932529,327.6398967198201,200.47699691258393,1485.33933699031
03RCF,Adenine,0.0,303.641715891342,0.0,0.0,303.641715891342,303.641715891342,,
03RCF,Adenosine,0.0,25.8452905086165,0.0,0.0,25.8452905086165,25.8452905086165,,
03RCF,Adipate,207.489803445133,145.133341657028,0.0,207.489803445133,145.133341657028,62.35646178810498,,
03RCF,Allantoin,0.0,752.73103782945,0.0,0.0,752.73103782945,752.73103782945,,
03RCF,Ascorbate,520.960699910631,0.0,0.0,520.960699910631,0.0,520.960699910631,,
03RCF,Azelaate,205.363353589755,1211.83483662933,0.0,205.363353589755,1211.83483662933,1006.4714830395751,,
03RCF,Benzoate,0.0,565.003119192231,0.0,0.0,565.003119192231,565.003119192231,,
03RCF,Beta-Alanine,912.350941190644,4711.32878874357,0.0,912.350941190644,4711.32878874357,3798.977847552926,,
03RCF,Betaine,0.0,6275.78050515882,162.0,162.0,6113.78050515882,6275.78050515882,100.0,3773.9385834313707
03RCF,CDP,0.0,355.103405581288,0.0,0.0,355.103405581288,355.103405581288,,
03RCF,CMP,0.0,54.303380936412,0.0,0.0,54.303380936412,54.303380936412,,
03RCF,CTP,0.0,164.295867092849,0.0,0.0,164.295867092849,164.295867092849,,
03RCF,Cadaverine,372.142403647524,80.3293925103656,0.0,372.142403647524,80.3293925103656,291.8130111371584,,
03RCF,CholineChloride,250.306153231332,658.995054992967,0.0,250.306153231332,658.995054992967,408.68890176163495,,
03RCF,Citraconate,0.0,39.8205975150363,0.0,0.0,39.8205975150363,39.8205975150363,,
03RCF,Citrate,1188.46946286677,2474.70902006229,2359.8,1171.33053713323,114.90902006228998,1286.23955719552,49.636856391780235,4.869438938142638
03RCF,Creatine,0.0,1111.8666219187,174.1,174.1,937.7666219187,1111.8666219187,100.0,538.6367730722
03RCF,Creatinine,22470.7973371127,127646.832917817,13319.9,9150.897337112701,114326.932917817,105176.0355807043,68.70094623167368,858.3167510102704
03RCF,Cytosine,0.0,10429.7105991447,0.0,0.0,10429.7105991447,10429.7105991447,,
03RCF,D-Fructose,830.937029064962,2280.79088914984,0.0,830.937029064962,2280.79088914984,1449.853860084878,,
03RCF,D-Fucose,650.902153798361,855.030232614586,0.0,650.902153798361,855.030232614586,204.12807881622496,,
03RCF,D-Galactose,0.0,101.917984444614,0.0,0.0,101.917984444614,101.917984444614,,
03RCF,D-Gluconate,997.294734919438,6739.46874421063,0.0,997.294734919438,6739.46874421063,5742.174009291191,,
03RCF,D-Glucose,688.367456168632,85.0648586653017,0.0,688.367456168632,85.0648586653017,603.3025975033303,,
03RCF,D-Glucose-6-Phosphate,1030.45044310946,5614.95691972063,0.0,1030.45044310946,5614.95691972063,4584.50647661117,,
03RCF,D-Glucuronate,808.389159155081,1.21285670126123,0.0,808.389159155081,1.21285670126123,807.1763024538197,,
03RCF,D-Maltose,305.43063063215,561.465294576416,0.0,305.43063063215,561.465294576416,256.034663944266,,
03RCF,D-Mannose,478.273521972909,741.132311480182,0.0,478.273521972909,741.132311480182,262.858789507273,,
03RCF,D-Sorbitol,0.0,1875.33166462119,0.0,0.0,1875.33166462119,1875.33166462119,,
03RCF,Dihydrothymine,221.658967412712,3455.85610298987,0.0,221.658967412712,3455.85610298987,3234.197135577158,,
03RCF,Dimethylamine,533.225824147561,307.382848341018,471.9,61.32582414756098,164.51715165898196,225.84297580654294,12.995512639873063,34.86271490972281
03RCF,Dimethylglycine,0.0,141.448965971639,0.0,0.0,141.448965971639,141.448965971639,,
03RCF,Dimethylsulfone,112.199560217247,665.319188352349,0.0,112.199560217247,665.319188352349,553.119628135102,,
03RCF,Ethanolamine,939.611562294512,3613.77357007986,468.9,470.7115622945121,3144.8735700798597,2674.1620077853477,100.38634299307148,670.6917402601536
03RCF,Ethylmalonate,0.0,1088.2483331838,0.0,0.0,1088.2483331838,1088.2483331838,,
03RCF,Formate,406.492521689313,71.1037683193926,312.9,93.592521689313,241.79623168060738,335.3887533699204,29.911320450403643,77.27588101010143
03RCF,Fumarate,0.0,34.1274032304273,0.0,0.0,34.1274032304273,34.1274032304273,,
03RCF,GABA,348.192146409397,4907.47394571275,0.0,348.192146409397,4907.47394571275,4559.281799303353,,
03RCF,GMP,0.0,130.48687201082,0.0,0.0,130.48687201082,130.48687201082,,
03RCF,GTP,0.0,1032.71434647143,0.0,0.0,1032.71434647143,1032.71434647143,,
03RCF,Galactitol,193.229080432397,1532.66752094286,0.0,193.229080432397,1532.66752094286,1339.438440510463,,
03RCF,Glutaconate,288.238918133495,400.02059351415,0.0,288.238918133495,400.02059351415,111.78167538065497,,
03RCF,Glutarate,812.656089888665,343.019775870369,0.0,812.656089888665,343.019775870369,469.63631401829593,,
03RCF,Glycerate,734.877741507445,0.0,0.0,734.877741507445,0.0,734.877741507445,,
03RCF,Glycerol,681.657366838517,1048.72109702971,0.0,681.657366838517,1048.72109702971,367.06373019119314,,
03RCF,Glycerophosphocholine,36.1315115080927,376.916180319119,0.0,36.1315115080927,376.916180319119,340.78466881102634,,
03RCF,Glycogen,852.030604094091,1083.70918951896,0.0,852.030604094091,1083.70918951896,231.67858542486908,,
03RCF,Glycolate,567.616438080893,11290.4686787848,498.1,69.51643808089295,10792.3686787848,10722.852240703907,13.956321638404528,2166.7072232051396
03RCF,Guanidinoacetate,0.0,3017.29281178147,0.0,0.0,3017.29281178147,3017.29281178147,,
03RCF,Hippurate,1184.08722574376,4475.80877759257,1676.6,492.51277425623994,2799.2087775925697,3291.7215518488097,29.375687358716444,166.9574601928051
03RCF,Homovanillate,131.383442718716,354.283237456493,0.0,131.383442718716,354.283237456493,222.899794737777,,
03RCF,Hypoxanthine,0.0,258.585339955194,22.5,22.5,236.085339955194,258.585339955194,100.0,1049.26817757864
03RCF,IMP,0.0,76.1298738714493,0.0,0.0,76.1298738714493,76.1298738714493,,
03RCF,Indoxylsulfate,451.72927329925,1855.83163687849,0.0,451.72927329925,1855.83163687849,1404.1023635792399,,
03RCF,Inosine,0.0,113.339842810623,0.0,0.0,113.339842810623,113.339842810623,,
03RCF,Isobutyrate,0.0,172.155220605801,0.0,0.0,172.155220605801,172.155220605801,,
03RCF,Isocitrate,454.449775758336,7052.6226510673,0.0,454.449775758336,7052.6226510673,6598.172875308964,,
03RCF,Isovalerate,110.952087574099,605.929171642263,0.0,110.952087574099,605.929171642263,494.977084068164,,
03RCF,L-Alanine,564.118909291868,288.319817854606,0.0,564.118909291868,288.319817854606,275.799091437262,,
03RCF,L-Anserine,338.767726341235,605.879594869022,0.0,338.767726341235,605.879594869022,267.11186852778695,,
03RCF,L-Arabitol,528.034098159394,6447.04184113836,0.0,528.034098159394,6447.04184113836,5919.007742978965,,
03RCF,L-Arginine,1329.50655270991,298.941548957504,0.0,1329.50655270991,298.941548957504,1030.565003752406,,
03RCF,L-Asparagine,735.879217584324,2913.14341155778,0.0,735.879217584324,2913.14341155778,2177.264193973456,,
03RCF,L-Aspartate,883.348136663364,4284.28269163807,0.0,883.348136663364,4284.28269163807,3400.934554974706,,
03RCF,L-Carnitine,89.3630594956773,1271.02554497486,0.0,89.3630594956773,1271.02554497486,1181.6624854791826,,
03RCF,L-Carnosine,337.64942384964,1291.29409876408,0.0,337.64942384964,1291.29409876408,953.64467491444,,
03RCF,L-Citrulline,925.740106862516,2845.31793383742,0.0,925.740106862516,2845.31793383742,1919.577826974904,,
03RCF,L-Cysteine,0.0,4764.91849186493,0.0,0.0,4764.91849186493,4764.91849186493,,
03RCF,L-Cystine,268.193438922078,4174.15945251234,0.0,268.193438922078,4174.15945251234,3905.9660135902623,,
03RCF,L-Glutamate,1888.18432529774,5514.1843560536,0.0,1888.18432529774,5514.1843560536,3626.00003075586,,
03RCF,L-Glutamine,1197.66689961446,3213.05849669047,0.0,1197.66689961446,3213.05849669047,2015.39159707601,,
03RCF,L-Glutathione-oxidized,170.648430607815,2840.41731681299,0.0,170.648430607815,2840.41731681299,2669.768886205175,,
03RCF,L-Glutathione-reduced,254.958224289989,0.0,0.0,254.958224289989,0.0,254.958224289989,,
03RCF,L-Glycine,2343.28717550593,0.0,0.0,2343.28717550593,0.0,2343.28717550593,,
03RCF,L-Histidine,1533.28953417311,2308.59656170877,0.0,1533.28953417311,2308.59656170877,775.3070275356599,,
03RCF,L-Isoleucine,255.723762625135,733.058910435539,0.0,255.723762625135,733.058910435539,477.335147810404,,
03RCF,L-Leucine,188.45716907273,609.968820124471,0.0,188.45716907273,609.968820124471,421.51165105174096,,
03RCF,L-Lysine,0.0,3684.91459921164,0.0,0.0,3684.91459921164,3684.91459921164,,
03RCF,L-Methionine,0.0,3565.29396818035,0.0,0.0,3565.29396818035,3565.29396818035,,
03RCF,L-Ornithine,0.0,1045.63620885385,0.0,0.0,1045.63620885385,1045.63620885385,,
03RCF,L-Phenylalanine,383.296196637482,1835.18740569706,0.0,383.296196637482,1835.18740569706,1451.8912090595782,,
03RCF,L-Proline,1972.7747924538,7447.05752700975,0.0,1972.7747924538,7447.05752700975,5474.28273455595,,
03RCF,L-Serine,0.0,8017.01195208643,0.0,0.0,8017.01195208643,8017.01195208643,,
03RCF,L-Threonine,682.212640098348,1089.8012291698,0.0,682.212640098348,1089.8012291698,407.58858907145213,,
03RCF,L-Tryptophane,558.353751326567,1802.22592769618,0.0,558.353751326567,1802.22592769618,1243.872176369613,,
03RCF,L-Tyrosine,0.0,324.602121241556,0.0,0.0,324.602121241556,324.602121241556,,
03RCF,L-Valine,0.0,149.286991416793,0.0,0.0,149.286991416793,149.286991416793,,
03RCF,Lactate,0.0,2026.75461629931,23.0,23.0,2003.75461629931,2026.75461629931,100.0,8711.976592605695
03RCF,Lactose,665.471845411263,3874.80673972288,0.0,665.471845411263,3874.80673972288,3209.334894311617,,
03RCF,Levoglucosan,559.660194981135,1261.35522484307,0.0,559.660194981135,1261.35522484307,701.6950298619349,,
03RCF,Levulinate,100.294689027781,0.0,0.0,100.294689027781,0.0,100.294689027781,,
03RCF,Long-chain_alkane,0.0,267.18290421727,0.0,0.0,267.18290421727,267.18290421727,,
03RCF,Malate,760.743658028316,362.596369555248,0.0,760.743658028316,362.596369555248,398.147288473068,,
03RCF,Malonate,0.0,1247.46122516236,396.4,396.4,851.0612251623601,1247.46122516236,100.0,214.697584551554
03RCF,Mandelate,95.9537755090423,0.0,0.0,95.9537755090423,0.0,95.9537755090423,,
03RCF,Methylamine,0.0,237.605774294457,0.0,0.0,237.605774294457,237.605774294457,,
03RCF,Methylguanidine,151.064298542007,1276.62541788558,0.0,151.064298542007,1276.62541788558,1125.561119343573,,
03RCF,Methylmalonate,0.0,1348.87110923943,0.0,0.0,1348.87110923943,1348.87110923943,,
03RCF,Myo-Inositol,961.982310302738,3301.54194460936,0.0,961.982310302738,3301.54194460936,2339.5596343066222,,
03RCF,N-(2-Furoyl)Glycine,406.075244201634,653.943924853624,0.0,406.075244201634,653.943924853624,247.86868065199002,,
03RCF,N-Acetyl-L-Aspartate,255.330975116539,2749.93795471045,0.0,255.330975116539,2749.93795471045,2494.606979593911,,
03RCF,N-Acetylglycine,301.731525039945,2617.82545809319,0.0,301.731525039945,2617.82545809319,2316.0939330532447,,
03RCF,NADP,0.0,25.3087710052976,0.0,0.0,25.3087710052976,25.3087710052976,,
03RCF,Nicotinate,0.0,112.998863015829,0.0,0.0,112.998863015829,112.998863015829,,
03RCF,Nicotinurate,0.0,25.4814359243707,0.0,0.0,25.4814359243707,25.4814359243707,,
03RCF,O-Acetyl-L-Carnitine,72.6456822032231,2123.9497884971,0.0,72.6456822032231,2123.9497884971,2051.304106293877,,
03RCF,Pantothenate,0.0,128.698049294956,58.4,58.4,70.298049294956,128.698049294956,100.0,120.37337208040411
03RCF,Phenethylamine,858.303352441159,5763.04254927206,0.0,858.303352441159,5763.04254927206,4904.7391968309,,
03RCF,Phenylglyoxylate,0.0,2511.68827561985,0.0,0.0,2511.68827561985,2511.68827561985,,
03RCF,Phosphocholine,0.0,257.963091354206,0.0,0.0,257.963091354206,257.963091354206,,
03RCF,Propionate,237.43783485186,838.421326033369,0.0,237.43783485186,838.421326033369,600.9834911815091,,
03RCF,PropyleneGlycol,353.520117358429,2011.53751916178,0.0,353.520117358429,2011.53751916178,1658.017401803351,,
03RCF,Putrescine,0.0,2348.79282887031,0.0,0.0,2348.79282887031,2348.79282887031,,
03RCF,Pyroglutamate,1057.49524001956,3593.22732530511,237.5,819.99524001956,3355.72732530511,2535.73208528555,345.2611536924463,1412.937821181099
03RCF,Pyruvate,0.0,519.398470977315,0.0,0.0,519.398470977315,519.398470977315,,
03RCF,Quinolinate,0.0,1541.88896853707,0.0,0.0,1541.88896853707,1541.88896853707,,
03RCF,S-Acetamidomethylcysteine,443.150713672169,1069.49198826439,0.0,443.150713672169,1069.49198826439,626.3412745922211,,
03RCF,Saccarate,512.363571202269,5454.56508114008,0.0,512.363571202269,5454.56508114008,4942.201509937811,,
03RCF,Sarcosine,0.0,1299.09278903404,0.0,0.0,1299.09278903404,1299.09278903404,,
03RCF,Saturated_fattty_acids,191.76445748416,543.154191500514,0.0,191.76445748416,543.154191500514,351.389734016354,,
03RCF,Sebacate,0.0,369.760012459835,0.0,0.0,369.760012459835,369.760012459835,,
03RCF,Spermidine,0.0,1481.26804851812,0.0,0.0,1481.26804851812,1481.26804851812,,
03RCF,Succinate,0.0,0.0,86.9,86.9,86.9,0.0,100.0,100.0
03RCF,Syringate,60.8719170343089,61.252665409328,0.0,60.8719170343089,61.252665409328,0.3807483750191025,,
03RCF,TMAO,726.778083433811,0.0,0.0,726.778083433811,0.0,726.778083433811,,
03RCF,Tartarate,0.0,97.8430221297051,0.0,0.0,97.8430221297051,97.8430221297051,,
03RCF,Taurine,1382.93257954316,16645.95208275,1277.3,105.63257954316009,15368.652082749999,15263.019503206839,8.269989786515314,1203.213973440069
03RCF,Threitol,1065.81647966883,7056.791570525,0.0,1065.81647966883,7056.791570525,5990.97509085617,,
03RCF,Threonate,1256.99806912865,8824.28856917539,0.0,1256.99806912865,8824.28856917539,7567.290500046741,,
03RCF,Trans-Acotinate,729.318099641747,677.283029151018,0.0,729.318099641747,677.283029151018,52.03507049072903,,
03RCF,Trigonelline,944.095967792655,428.875682174987,588.2,355.8959677926549,159.32431782501305,515.220285617668,60.505944881444215,27.08675923580637
03RCF,Trimethylamine,117.580414683503,191.279989350846,0.0,117.580414683503,191.279989350846,73.699574667343,,
03RCF,UDP,0.0,45.7884632772059,0.0,0.0,45.7884632772059,45.7884632772059,,
03RCF,UDPG,214.250458365536,388.066396592464,0.0,214.250458365536,388.066396592464,173.815938226928,,
03RCF,UMP,274.320434871923,103.304446972533,0.0,274.320434871923,103.304446972533,171.01598789938998,,
03RCF,UTP,169.675918570554,427.187693577459,0.0,169.675918570554,427.187693577459,257.51177500690505,,
03RCF,Uracil,3457.20632384238,6858.95263564217,92.1,3365.10632384238,6766.85263564217,3401.7463117997904,3653.752794617134,7347.288420892693
03RCF,Uridine,235.932561426799,0.0,13.0,222.932561426799,13.0,235.932561426799,1714.865857129223,100.0
03RCF,Urocanate,0.0,1357.4239209246,17.2,17.2,1340.2239209246,1357.4239209246,100.0,7791.999540259301
03RCF,Valerate,157.803841344183,172.216267797097,0.0,157.803841344183,172.216267797097,14.41242645291399,,
03RCF,Vanillate,535.140933856442,2001.42819186718,0.0,535.140933856442,2001.42819186718,1466.287258010738,,
03RCF,Xylitol,935.603287427958,1712.80506648651,148.5,787.103287427958,1564.30506648651,777.201779058552,530.0358837898707,1053.404085176101
03RCF,alpha-Hydroxyisobutyrate,158.896858365093,641.896686303215,0.0,158.896858365093,641.896686303215,482.999827938122,,
03RCF,dAMP,0.0,1.2962577003994,0.0,0.0,1.2962577003994,1.2962577003994,,
03RCF,trans-4-Hydroxy-L-Proline,400.180005996109,2106.15194752607,0.0,400.180005996109,2106.15194752607,1705.9719415299612,,
03RCF,trans-Ferulate,0.0,1398.708336253,0.0,0.0,1398.708336253,1398.708336253,,
04RCF,"1,3-Diaminopropane",0.0,432.241030482496,0.0,0.0,432.241030482496,432.241030482496,,
04RCF,1-Methyl-L-Histidine,0.0,56.6996832239732,0.0,0.0,56.6996832239732,56.6996832239732,,
04RCF,1-Methylhydantoin,0.0,25.1775016128462,0.0,0.0,25.1775016128462,25.1775016128462,,
04RCF,2-AminoAdipate,0.0,318.192780267615,0.0,0.0,318.192780267615,318.192780267615,,
04RCF,2-Aminobutyrate,0.0,25.4615154860882,0.0,0.0,25.4615154860882,25.4615154860882,,
04RCF,2-Deoxyadenosine,0.0,13.9802967807981,0.0,0.0,13.9802967807981,13.9802967807981,,
04RCF,2-Deoxycytidine,0.0,691.514704451838,0.0,0.0,691.514704451838,691.514704451838,,
04RCF,2-Deoxyguanosine,0.0,249.837699829408,0.0,0.0,249.837699829408,249.837699829408,,
04RCF,2-HydroxyphenylAcetate,0.0,44.6240540764095,0.0,0.0,44.6240540764095,44.6240540764095,,
04RCF,2-Methylglutarate,0.0,111.5655448135,0.0,0.0,111.5655448135,111.5655448135,,
04RCF,2-Oxobutyrate,0.0,140.507023596199,0.0,0.0,140.507023596199,140.507023596199,,
04RCF,2-Oxoglutarate,0.0,321.245496173331,53.7,53.7,267.545496173331,321.245496173331,100.0,498.2225254624413
04RCF,2-Oxoisovalerate,0.0,70.4656871194354,0.0,0.0,70.4656871194354,70.4656871194354,,
04RCF,2-Picolinate,0.0,140.942783495415,0.0,0.0,140.942783495415,140.942783495415,,
04RCF,2-Propanol,0.0,224.860421390795,0.0,0.0,224.860421390795,224.860421390795,,
04RCF,3-Hydroxybutyrate,0.0,185.302188051151,19.5,19.5,165.802188051151,185.302188051151,100.0,850.2676310315437
04RCF,3-HydroxyphenylAcetate,0.0,120.682075346088,0.0,0.0,120.682075346088,120.682075346088,,
04RCF,3-Methyl-L-Histidine,89.8798043119775,667.25738581643,0.0,89.8798043119775,667.25738581643,577.3775815044525,,
04RCF,3-Methyladipate,0.0,180.958809917228,0.0,0.0,180.958809917228,180.958809917228,,
04RCF,3-Methylxanthine,0.0,62.3360664963782,0.0,0.0,62.3360664963782,62.3360664963782,,
04RCF,3-PhenylPropionate,0.0,144.880778399785,0.0,0.0,144.880778399785,144.880778399785,,
04RCF,4-AminoHippurate,0.0,100.500098749443,0.0,0.0,100.500098749443,100.500098749443,,
04RCF,4-EthylPhenol,0.0,9.22544668598749,0.0,0.0,9.22544668598749,9.22544668598749,,
04RCF,4-HydroxyphenylAcetate,0.0,44.1892338721839,0.0,0.0,44.1892338721839,44.1892338721839,,
04RCF,5-AminoValerate,0.0,142.358672878351,0.0,0.0,142.358672878351,142.358672878351,,
04RCF,7-Methylxanthine,0.0,77.959835716722,0.0,0.0,77.959835716722,77.959835716722,,
04RCF,AMP,0.0,6.22032004377874,0.0,0.0,6.22032004377874,6.22032004377874,,
04RCF,ATP,0.0,87.7294861965549,0.0,0.0,87.7294861965549,87.7294861965549,,
04RCF,Acetaminophen,0.0,53.3911549178142,0.0,0.0,53.3911549178142,53.3911549178142,,
04RCF,Acetate,0.0,3.36056986758518,23.4,23.4,20.039430132414818,3.36056986758518,100.0,85.63859030946503
04RCF,Acetoacetate,0.0,5.96948753519287,25.3,25.3,19.330512464807132,5.96948753519287,100.0,76.40518760793333
04RCF,Acetone,0.0,19.7682898035141,24.6,24.6,4.831710196485901,19.7682898035141,100.0,19.641098359698784
04RCF,Adenine,0.0,27.1009791087322,0.0,0.0,27.1009791087322,27.1009791087322,,
04RCF,Adenosine,0.0,3.39885702585362,0.0,0.0,3.39885702585362,3.39885702585362,,
04RCF,Allantoin,0.0,60.7573888683076,0.0,0.0,60.7573888683076,60.7573888683076,,
04RCF,Argininosuccinate,0.0,105.17638082107,0.0,0.0,105.17638082107,105.17638082107,,
04RCF,Ascorbate,0.0,11.508436066258,0.0,0.0,11.508436066258,11.508436066258,,
04RCF,Benzoate,0.0,36.5037836375843,0.0,0.0,36.5037836375843,36.5037836375843,,
04RCF,Beta-Alanine,0.0,52.9510112056645,0.0,0.0,52.9510112056645,52.9510112056645,,
04RCF,Betaine,0.0,37.0368295012837,56.3,56.3,19.2631704987163,37.0368295012837,100.0,34.215222910686144
04RCF,CDP,0.0,12.0160183150417,0.0,0.0,12.0160183150417,12.0160183150417,,
04RCF,CMP,0.0,56.5346859554439,0.0,0.0,56.5346859554439,56.5346859554439,,
04RCF,CTP,0.0,6.47341102583785,0.0,0.0,6.47341102583785,6.47341102583785,,
04RCF,CholineChloride,0.0,164.658760936415,0.0,0.0,164.658760936415,164.658760936415,,
04RCF,Citraconate,0.0,27.7373231836269,0.0,0.0,27.7373231836269,27.7373231836269,,
04RCF,Citrate,0.0,223.418196213954,131.6,131.6,91.818196213954,223.418196213954,100.0,69.77066581607447
04RCF,Creatine,0.0,1303.19299435412,112.3,112.3,1190.89299435412,1303.19299435412,100.0,1060.4568070829207
04RCF,Creatinine,2717.74509766155,347.580979498714,12524.0,9806.254902338449,12176.419020501286,2370.164118162836,78.29970378743572,97.2246807769186
04RCF,Cytosine,0.0,2089.27062576867,0.0,0.0,2089.27062576867,2089.27062576867,,
04RCF,D-Fructose,0.0,489.300457358812,0.0,0.0,489.300457358812,489.300457358812,,
04RCF,D-Fucose,0.0,34.1199884023317,0.0,0.0,34.1199884023317,34.1199884023317,,
04RCF,D-Galactose,0.0,128.04470311279,0.0,0.0,128.04470311279,128.04470311279,,
04RCF,D-Gluconate,0.0,572.199842639085,0.0,0.0,572.199842639085,572.199842639085,,
04RCF,D-Glucose,0.0,223.482157259534,0.0,0.0,223.482157259534,223.482157259534,,
04RCF,D-Glucose-6-Phosphate,0.0,210.689991527453,0.0,0.0,210.689991527453,210.689991527453,,
04RCF,D-Glucuronate,0.0,68.7203659588686,0.0,0.0,68.7203659588686,68.7203659588686,,
04RCF,D-Maltose,0.0,42.0073514085676,0.0,0.0,42.0073514085676,42.0073514085676,,
04RCF,D-Mannose,0.0,173.75634199296,0.0,0.0,173.75634199296,173.75634199296,,
04RCF,D-Sorbitol,0.0,369.297120593264,0.0,0.0,369.297120593264,369.297120593264,,
04RCF,DehydroAscorbate,0.0,149.246808143556,0.0,0.0,149.246808143556,149.246808143556,,
04RCF,Dihydrothymine,0.0,558.935044477809,0.0,0.0,558.935044477809,558.935044477809,,
04RCF,Dimethylamine,0.0,12.6618655833243,300.6,300.6,287.9381344166757,12.6618655833243,100.0,95.78780253382425
04RCF,Dimethylglycine,0.0,10.1371649854447,0.0,0.0,10.1371649854447,10.1371649854447,,
04RCF,Dimethylsulfone,0.0,63.521395194695,0.0,0.0,63.521395194695,63.521395194695,,
04RCF,Ethanolamine,0.0,339.054248174686,298.9,298.9,40.15424817468602,339.054248174686,100.0,13.434007418764143
04RCF,Ethylmalonate,0.0,49.478559871376,0.0,0.0,49.478559871376,49.478559871376,,
04RCF,Formate,0.0,0.913469533320465,58.8,58.8,57.88653046667953,0.913469533320465,100.0,98.44648038550942
04RCF,Fumarate,0.0,3.15737268390424,0.0,0.0,3.15737268390424,3.15737268390424,,
04RCF,GABA,0.0,276.373325001255,0.0,0.0,276.373325001255,276.373325001255,,
04RCF,GDP,0.0,0.693622971922685,0.0,0.0,0.693622971922685,0.693622971922685,,
04RCF,GMP,0.0,46.6669021281047,0.0,0.0,46.6669021281047,46.6669021281047,,
04RCF,GTP,0.0,91.4375480344226,0.0,0.0,91.4375480344226,91.4375480344226,,
04RCF,Galactitol,0.0,175.776691513776,0.0,0.0,175.776691513776,175.776691513776,,
04RCF,Glutaconate,0.0,93.8939752665931,0.0,0.0,93.8939752665931,93.8939752665931,,
04RCF,Glycerol,0.0,284.110467989196,0.0,0.0,284.110467989196,284.110467989196,,
04RCF,Glycerophosphocholine,0.0,31.0893472410149,0.0,0.0,31.0893472410149,31.0893472410149,,
04RCF,Glycogen,0.0,199.906571014716,0.0,0.0,199.906571014716,199.906571014716,,
04RCF,Glycolate,0.0,2462.34384200255,255.1,255.1,2207.24384200255,2462.34384200255,100.0,865.2465080370639
04RCF,Hippurate,348.22859715734,878.80770231517,2053.8,1705.57140284266,1174.9922976848302,530.57910515783,83.04466855792482,57.21064844117393
04RCF,Homovanillate,0.0,10.8023056742785,0.0,0.0,10.8023056742785,10.8023056742785,,
04RCF,Hypotaurine,0.0,40.7962977684641,0.0,0.0,40.7962977684641,40.7962977684641,,
04RCF,Hypoxanthine,0.0,11.6478266584259,20.2,20.2,8.552173341574099,11.6478266584259,100.0,42.33749178997079
04RCF,IMP,0.0,24.0495691731532,0.0,0.0,24.0495691731532,24.0495691731532,,
04RCF,Indoxylsulfate,0.0,134.977386156759,0.0,0.0,134.977386156759,134.977386156759,,
04RCF,Inosine,0.0,21.3698472165612,0.0,0.0,21.3698472165612,21.3698472165612,,
04RCF,Isobutyrate,0.0,11.0264191813294,0.0,0.0,11.0264191813294,11.0264191813294,,
04RCF,Isocitrate,0.0,419.111971800778,0.0,0.0,419.111971800778,419.111971800778,,
04RCF,Isovalerate,0.0,53.6347087635182,0.0,0.0,53.6347087635182,53.6347087635182,,
04RCF,L-Alanine,0.0,2.82397546398467,0.0,0.0,2.82397546398467,2.82397546398467,,
04RCF,L-Anserine,0.0,75.7528778750981,0.0,0.0,75.7528778750981,75.7528778750981,,
04RCF,L-Arabitol,0.0,339.544905214968,0.0,0.0,339.544905214968,339.544905214968,,
04RCF,L-Asparagine,0.0,411.706768826472,0.0,0.0,411.706768826472,411.706768826472,,
04RCF,L-Aspartate,0.0,159.898920352321,0.0,0.0,159.898920352321,159.898920352321,,
04RCF,L-Carnitine,0.0,96.1359435443672,0.0,0.0,96.1359435443672,96.1359435443672,,
04RCF,L-Carnosine,0.0,188.748035645406,0.0,0.0,188.748035645406,188.748035645406,,
04RCF,L-Citrulline,0.0,426.201300568259,0.0,0.0,426.201300568259,426.201300568259,,
04RCF,L-Cysteine,0.0,891.642157891299,0.0,0.0,891.642157891299,891.642157891299,,
04RCF,L-Cystine,0.0,558.632735689887,0.0,0.0,558.632735689887,558.632735689887,,
04RCF,L-Glutamate,0.0,278.056229935124,0.0,0.0,278.056229935124,278.056229935124,,
04RCF,L-Glutamine,0.0,116.08486518749,0.0,0.0,116.08486518749,116.08486518749,,
04RCF,L-Glutathione-oxidized,0.0,38.7088492579953,0.0,0.0,38.7088492579953,38.7088492579953,,
04RCF,L-Histidine,0.0,311.479270112138,0.0,0.0,311.479270112138,311.479270112138,,
04RCF,L-Isoleucine,0.0,73.7538909870858,0.0,0.0,73.7538909870858,73.7538909870858,,
04RCF,L-Leucine,0.0,12.0141374747753,0.0,0.0,12.0141374747753,12.0141374747753,,
04RCF,L-Lysine,0.0,22.3981732617331,0.0,0.0,22.3981732617331,22.3981732617331,,
04RCF,L-Methionine,0.0,29.3332897912839,0.0,0.0,29.3332897912839,29.3332897912839,,
04RCF,L-Ornithine,0.0,241.515152673792,0.0,0.0,241.515152673792,241.515152673792,,
04RCF,L-Phenylalanine,0.0,147.920349998397,0.0,0.0,147.920349998397,147.920349998397,,
04RCF,L-Proline,0.0,661.207353370059,0.0,0.0,661.207353370059,661.207353370059,,
04RCF,L-Serine,0.0,486.276509307543,0.0,0.0,486.276509307543,486.276509307543,,
04RCF,L-Threonine,0.0,67.6387418546609,0.0,0.0,67.6387418546609,67.6387418546609,,
04RCF,L-Tryptophane,0.0,168.313732165923,0.0,0.0,168.313732165923,168.313732165923,,
04RCF,L-Tyrosine,0.0,67.1107289713114,0.0,0.0,67.1107289713114,67.1107289713114,,
04RCF,L-Valine,0.0,22.3928054345691,0.0,0.0,22.3928054345691,22.3928054345691,,
04RCF,Lactate,0.0,131.776009275512,10.6,10.6,121.176009275512,131.776009275512,100.0,1143.169898825585
04RCF,Lactose,0.0,456.716890505233,0.0,0.0,456.716890505233,456.716890505233,,
04RCF,Levoglucosan,0.0,71.2827754924073,0.0,0.0,71.2827754924073,71.2827754924073,,
04RCF,Long-chain_alkane,0.0,24.2426407425272,0.0,0.0,24.2426407425272,24.2426407425272,,
04RCF,Malate,0.0,155.381726546895,0.0,0.0,155.381726546895,155.381726546895,,
04RCF,Malonate,0.0,495.9443148138,308.3,308.3,187.6443148138,495.9443148138,100.0,60.86419552831658
04RCF,Methylamine,0.0,37.7380589666426,0.0,0.0,37.7380589666426,37.7380589666426,,
04RCF,Methylguanidine,0.0,43.0645456005033,0.0,0.0,43.0645456005033,43.0645456005033,,
04RCF,Methylmalonate,0.0,89.6349494834422,0.0,0.0,89.6349494834422,89.6349494834422,,
04RCF,Myo-Inositol,0.0,544.083428111835,0.0,0.0,544.083428111835,544.083428111835,,
04RCF,N-(2-Furoyl)Glycine,0.0,118.44963132445,0.0,0.0,118.44963132445,118.44963132445,,
04RCF,N-Acetyl-L-Aspartate,0.0,412.350233860506,0.0,0.0,412.350233860506,412.350233860506,,
04RCF,N-Acetylglycine,0.0,400.015755457834,0.0,0.0,400.015755457834,400.015755457834,,
04RCF,NAD,0.0,0.0376104353889104,0.0,0.0,0.0376104353889104,0.0376104353889104,,
04RCF,NADP,0.0,0.040502714341454,0.0,0.0,0.040502714341454,0.040502714341454,,
04RCF,Nicotinate,0.0,29.302827073384,0.0,0.0,29.302827073384,29.302827073384,,
04RCF,Nicotinurate,0.0,0.0578655331914058,0.0,0.0,0.0578655331914058,0.0578655331914058,,
04RCF,O-Acetyl-L-Carnitine,0.0,50.9962022775798,0.0,0.0,50.9962022775798,50.9962022775798,,
04RCF,Pantothenate,0.0,55.3392677826905,34.6,34.6,20.739267782690497,55.3392677826905,100.0,59.94008029679334
04RCF,Phenethylamine,0.0,375.59954462356,0.0,0.0,375.59954462356,375.59954462356,,
04RCF,Phenylglyoxylate,0.0,301.367969254479,0.0,0.0,301.367969254479,301.367969254479,,
04RCF,Phosphocholine,0.0,19.9065871402165,0.0,0.0,19.9065871402165,19.9065871402165,,
04RCF,PropyleneGlycol,0.0,167.625023055999,0.0,0.0,167.625023055999,167.625023055999,,
04RCF,Putrescine,0.0,46.6766019328859,0.0,0.0,46.6766019328859,46.6766019328859,,
04RCF,Pyrocatechol,0.0,82.5710045532694,0.0,0.0,82.5710045532694,82.5710045532694,,
04RCF,Pyroglutamate,0.0,111.467922359188,147.1,147.1,35.632077640812,111.467922359188,100.0,24.22303034725493
04RCF,Pyruvate,0.0,10.6291883273985,0.0,0.0,10.6291883273985,10.6291883273985,,
04RCF,Quinolinate,0.0,118.033999185938,0.0,0.0,118.033999185938,118.033999185938,,
04RCF,S-Acetamidomethylcysteine,0.0,91.6258920543267,0.0,0.0,91.6258920543267,91.6258920543267,,
04RCF,Saccarate,0.0,402.163132798539,0.0,0.0,402.163132798539,402.163132798539,,
04RCF,Sarcosine,0.0,44.8348876994141,0.0,0.0,44.8348876994141,44.8348876994141,,
04RCF,Saturated_fattty_acids,0.0,24.593178610865,0.0,0.0,24.593178610865,24.593178610865,,
04RCF,Sebacate,0.0,34.8938168173705,0.0,0.0,34.8938168173705,34.8938168173705,,
04RCF,Succinate,0.0,0.0,7.4,7.4,7.4,0.0,100.0,100.0
04RCF,Syringate,0.0,87.1362362297376,0.0,0.0,87.1362362297376,87.1362362297376,,
04RCF,TMAO,83.3403447234085,34.1644990532157,0.0,83.3403447234085,34.1644990532157,49.17584567019281,,
04RCF,Tartarate,0.0,3.37727878706,0.0,0.0,3.37727878706,3.37727878706,,
04RCF,Taurine,0.0,580.788359361578,354.4,354.4,226.38835936157807,580.788359361578,100.0,63.87933390563716
04RCF,Threitol,0.0,950.203244347798,0.0,0.0,950.203244347798,950.203244347798,,
04RCF,Threonate,0.0,805.327949230049,0.0,0.0,805.327949230049,805.327949230049,,
04RCF,Trans-Acotinate,0.0,53.4841176814808,0.0,0.0,53.4841176814808,53.4841176814808,,
04RCF,Trigonelline,0.0,30.873057583862,231.3,231.3,200.42694241613802,30.873057583862,100.0,86.65237458544661
04RCF,Trimethylamine,0.0,3.33477835494608,0.0,0.0,3.33477835494608,3.33477835494608,,
04RCF,UDP,0.0,86.0154072250282,0.0,0.0,86.0154072250282,86.0154072250282,,
04RCF,UDPG,0.0,80.4365415667796,0.0,0.0,80.4365415667796,80.4365415667796,,
04RCF,UMP,0.0,93.1922472123778,0.0,0.0,93.1922472123778,93.1922472123778,,
04RCF,UTP,0.0,96.5589365592308,0.0,0.0,96.5589365592308,96.5589365592308,,
04RCF,Uracil,360.966344046593,1468.19688621315,71.1,289.866344046593,1397.0968862131501,1107.230542166557,407.6882476042096,1964.9745235065402
04RCF,Uridine,0.0,0.0,5.9,5.9,5.9,0.0,100.0,100.0
04RCF,Urocanate,0.0,77.7282434526684,0.0,0.0,77.7282434526684,77.7282434526684,,
04RCF,Valerate,0.0,37.2417763394996,0.0,0.0,37.2417763394996,37.2417763394996,,
04RCF,Vanillate,0.0,152.121104351751,0.0,0.0,152.121104351751,152.121104351751,,
04RCF,Xylitol,0.0,266.468175644146,132.0,132.0,134.46817564414602,266.468175644146,100.0,101.86983003344395
04RCF,alpha-Hydroxyisobutyrate,0.0,59.6833496382385,0.0,0.0,59.6833496382385,59.6833496382385,,
04RCF,dAMP,0.0,29.509068904579,0.0,0.0,29.509068904579,29.509068904579,,
04RCF,trans-4-Hydroxy-L-Proline,0.0,228.89294942317,0.0,0.0,228.89294942317,228.89294942317,,
04RCF,trans-Ferulate,0.0,140.669294834107,0.0,0.0,140.669294834107,140.669294834107,,
05RCF,"1,3-Diaminopropane",672.55555181425,8019.34367190621,0.0,672.55555181425,8019.34367190621,7346.78812009196,,
05RCF,1-Methyl-L-Histidine,214.418094270539,2789.70012088616,0.0,214.418094270539,2789.70012088616,2575.2820266156214,,
05RCF,1-Methylhydantoin,513.223944958725,3919.00116496414,0.0,513.223944958725,3919.00116496414,3405.777220005415,,
05RCF,2-AminoAdipate,1005.60403754328,6639.66028720984,0.0,1005.60403754328,6639.66028720984,5634.05624966656,,
05RCF,2-Aminobutyrate,0.0,1415.16144204147,0.0,0.0,1415.16144204147,1415.16144204147,,
05RCF,2-Deoxyadenosine,0.0,58.2650259314814,0.0,0.0,58.2650259314814,58.2650259314814,,
05RCF,2-Deoxycytidine,0.0,7576.17545232383,0.0,0.0,7576.17545232383,7576.17545232383,,
05RCF,2-Deoxyguanosine,0.0,2465.47966130097,0.0,0.0,2465.47966130097,2465.47966130097,,
05RCF,2-Hydroxybutyrate,286.461613022271,0.0,0.0,286.461613022271,0.0,286.461613022271,,
05RCF,2-HydroxyphenylAcetate,135.258289956511,409.140420342011,0.0,135.258289956511,409.140420342011,273.8821303855,,
05RCF,2-Methylglutarate,0.0,1126.89870470551,0.0,0.0,1126.89870470551,1126.89870470551,,
05RCF,2-Oxobutyrate,219.025329228686,1524.9308630282,0.0,219.025329228686,1524.9308630282,1305.9055337995142,,
05RCF,2-Oxoglutarate,0.0,3625.18706497063,73.9,73.9,3551.28706497063,3625.18706497063,100.0,4805.530534466346
05RCF,2-Oxoisovalerate,0.0,872.286431523403,0.0,0.0,872.286431523403,872.286431523403,,
05RCF,2-Picolinate,0.0,1673.05706656514,0.0,0.0,1673.05706656514,1673.05706656514,,
05RCF,2-Propanol,63.312608580254,1924.37076914856,0.0,63.312608580254,1924.37076914856,1861.058160568306,,
05RCF,3-Hydroxybutyrate,0.0,1689.65387613785,30.0,30.0,1659.65387613785,1689.65387613785,100.0,5532.179587126167
05RCF,3-HydroxyphenylAcetate,155.921137462807,2639.30358993419,0.0,155.921137462807,2639.30358993419,2483.3824524713827,,
05RCF,3-Methyl-L-Histidine,232.693720113647,2835.45489086151,0.0,232.693720113647,2835.45489086151,2602.761170747863,,
05RCF,3-Methyladipate,194.422375332634,2282.87075047014,0.0,194.422375332634,2282.87075047014,2088.448375137506,,
05RCF,3-Methylxanthine,0.0,9891.35335035855,0.0,0.0,9891.35335035855,9891.35335035855,,
05RCF,3-PhenylPropionate,339.181985747274,3321.48802211088,0.0,339.181985747274,3321.48802211088,2982.306036363606,,
05RCF,4-AminoHippurate,261.468583500414,1603.52371111758,0.0,261.468583500414,1603.52371111758,1342.055127617166,,
05RCF,4-EthylPhenol,122.19161131718,964.457781659971,0.0,122.19161131718,964.457781659971,842.266170342791,,
05RCF,4-HydroxyphenylAcetate,150.924381495416,499.081844418201,0.0,150.924381495416,499.081844418201,348.15746292278504,,
05RCF,5-AminoValerate,0.0,2269.05210740539,0.0,0.0,2269.05210740539,2269.05210740539,,
05RCF,7-Methylxanthine,227.525434180122,570.157698594356,0.0,227.525434180122,570.157698594356,342.632264414234,,
05RCF,AMP,0.0,1.8445895119109,0.0,0.0,1.8445895119109,1.8445895119109,,
05RCF,ATP,0.0,358.722487631486,0.0,0.0,358.722487631486,358.722487631486,,
05RCF,Acetaminophen,0.0,146.135477857607,0.0,0.0,146.135477857607,146.135477857607,,
05RCF,Acetate,0.0,0.0,58.6,58.6,58.6,0.0,100.0,100.0
05RCF,Acetoacetate,163.713796073858,1252.06556757704,35.7,128.01379607385797,1216.3655675770399,1088.351771503182,358.58206183153493,3407.186463801232
05RCF,Acetone,61.6929312076865,264.232235471826,21.0,40.6929312076865,243.23223547182602,202.5393042641395,193.77586289374526,1158.2487403420287
05RCF,Adenine,0.0,773.556198657585,0.0,0.0,773.556198657585,773.556198657585,,
05RCF,Adenosine,0.0,204.192877830561,0.0,0.0,204.192877830561,204.192877830561,,
05RCF,Adipate,196.203315028936,0.0,0.0,196.203315028936,0.0,196.203315028936,,
05RCF,Allantoin,0.0,1273.2194112044,0.0,0.0,1273.2194112044,1273.2194112044,,
05RCF,Argininosuccinate,0.0,943.97938281723,0.0,0.0,943.97938281723,943.97938281723,,
05RCF,Azelaate,0.0,1262.76551303712,0.0,0.0,1262.76551303712,1262.76551303712,,
05RCF,Benzoate,0.0,1018.97016363543,0.0,0.0,1018.97016363543,1018.97016363543,,
05RCF,Beta-Alanine,765.370206505878,4266.21936726771,0.0,765.370206505878,4266.21936726771,3500.8491607618325,,
05RCF,Betaine,0.0,11078.2949073543,43.2,43.2,11035.0949073543,11078.2949073543,100.0,25544.201174431248
05RCF,CMP,0.0,582.977927576173,0.0,0.0,582.977927576173,582.977927576173,,
05RCF,CTP,0.0,257.008126650508,0.0,0.0,257.008126650508,257.008126650508,,
05RCF,Cadaverine,0.0,528.201843327888,0.0,0.0,528.201843327888,528.201843327888,,
05RCF,CholineChloride,131.326650056579,729.793456082509,0.0,131.326650056579,729.793456082509,598.46680602593,,
05RCF,Citraconate,0.0,320.973292681934,0.0,0.0,320.973292681934,320.973292681934,,
05RCF,Citrate,502.957364382762,2825.53840832217,630.2,127.24263561723802,2195.33840832217,2322.581043939408,20.190833960209144,348.35582486864007
05RCF,Creatine,0.0,3001.06086839243,36.0,36.0,2965.06086839243,3001.06086839243,100.0,8236.280189978974
05RCF,Creatinine,24600.2286066324,292099.109858963,11828.5,12771.728606632401,280270.609858963,267498.8812523306,107.9742030403889,2369.451831246253
05RCF,Cytosine,0.0,14766.8120094858,0.0,0.0,14766.8120094858,14766.8120094858,,
05RCF,D-Fructose,893.354140106958,4207.34465296616,0.0,893.354140106958,4207.34465296616,3313.9905128592018,,
05RCF,D-Fucose,598.638442876824,2209.65241643635,0.0,598.638442876824,2209.65241643635,1611.013973559526,,
05RCF,D-Galactose,0.0,905.959775707525,0.0,0.0,905.959775707525,905.959775707525,,
05RCF,D-Gluconate,416.486361815268,7097.90906309546,0.0,416.486361815268,7097.90906309546,6681.422701280192,,
05RCF,D-Glucose,0.0,1230.76836160318,0.0,0.0,1230.76836160318,1230.76836160318,,
05RCF,D-Glucose-6-Phosphate,742.86551283199,5156.00321485144,0.0,742.86551283199,5156.00321485144,4413.13770201945,,
05RCF,D-Glucuronate,405.661581200203,3007.07782432055,0.0,405.661581200203,3007.07782432055,2601.416243120347,,
05RCF,D-Maltose,0.0,708.077687137236,0.0,0.0,708.077687137236,708.077687137236,,
05RCF,D-Mannose,0.0,2261.15615797823,0.0,0.0,2261.15615797823,2261.15615797823,,
05RCF,D-Sorbitol,857.790214670059,5998.48628532254,0.0,857.790214670059,5998.48628532254,5140.6960706524815,,
05RCF,DehydroAscorbate,1006.86888767247,1974.38813876572,0.0,1006.86888767247,1974.38813876572,967.51925109325,,
05RCF,Dihydrothymine,258.102727310958,5536.50938948365,0.0,258.102727310958,5536.50938948365,5278.406662172692,,
05RCF,Dimethylamine,68.1337412288319,2130.94708200933,327.3,259.16625877116815,1803.6470820093302,2062.8133407804985,79.1830915891134,551.0684637975344
05RCF,Dimethylglycine,0.0,260.216317288824,0.0,0.0,260.216317288824,260.216317288824,,
05RCF,Dimethylsulfone,64.0402109601796,1835.63494143576,0.0,64.0402109601796,1835.63494143576,1771.5947304755805,,
05RCF,Ethanolamine,1178.86833402519,12714.5785970287,389.9,788.9683340251901,12324.6785970287,11535.71026300351,202.35145781615546,3160.9845080863556
05RCF,Ethylmalonate,0.0,946.8621780481,0.0,0.0,946.8621780481,946.8621780481,,
05RCF,Formate,0.0,0.0,167.4,167.4,167.4,0.0,100.0,100.0
05RCF,Fumarate,0.0,8.35059348426033,0.0,0.0,8.35059348426033,8.35059348426033,,
05RCF,GABA,364.688227298989,4714.25382546497,0.0,364.688227298989,4714.25382546497,4349.565598165981,,
05RCF,GDP,0.0,148.003473588889,0.0,0.0,148.003473588889,148.003473588889,,
05RCF,GMP,289.833251957421,957.986481542199,0.0,289.833251957421,957.986481542199,668.153229584778,,
05RCF,GTP,0.0,1436.0408181627,0.0,0.0,1436.0408181627,1436.0408181627,,
05RCF,Galactitol,0.0,2720.26020980336,0.0,0.0,2720.26020980336,2720.26020980336,,
05RCF,Glutaconate,0.0,25.0940184261436,0.0,0.0,25.0940184261436,25.0940184261436,,
05RCF,Glutarate,164.020010271332,0.0,0.0,164.020010271332,0.0,164.020010271332,,
05RCF,Glycerol,454.027096392965,4086.24647547374,0.0,454.027096392965,4086.24647547374,3632.2193790807746,,
05RCF,Glycerophosphocholine,48.3680169182333,819.807297609259,0.0,48.3680169182333,819.807297609259,771.4392806910257,,
05RCF,Glycogen,0.0,1483.73689222166,0.0,0.0,1483.73689222166,1483.73689222166,,
05RCF,Glycolate,0.0,16058.0484068517,329.6,329.6,15728.4484068517,16058.0484068517,100.0,4771.980705962287
05RCF,Guanidinoacetate,0.0,2329.02614293004,0.0,0.0,2329.02614293004,2329.02614293004,,
05RCF,Hippurate,2100.82861142346,11806.4199982195,1300.5,800.3286114234602,10505.9199982195,9705.59138679604,61.54007008254211,807.8369856377933
05RCF,Homovanillate,119.105069708194,542.768537563351,0.0,119.105069708194,542.768537563351,423.66346785515697,,
05RCF,Hypotaurine,0.0,1100.98904438906,0.0,0.0,1100.98904438906,1100.98904438906,,
05RCF,Hypoxanthine,0.0,294.730719465521,43.2,43.2,251.53071946552103,294.730719465521,100.0,582.2470357998171
05RCF,IMP,0.0,102.052682228424,0.0,0.0,102.052682228424,102.052682228424,,
05RCF,Indoxylsulfate,939.491310515103,5666.64292189022,0.0,939.491310515103,5666.64292189022,4727.151611375118,,
05RCF,Inosine,0.0,506.290059031543,0.0,0.0,506.290059031543,506.290059031543,,
05RCF,Isobutyrate,0.0,124.982480574848,0.0,0.0,124.982480574848,124.982480574848,,
05RCF,Isocitrate,307.379575684606,11335.2255490719,0.0,307.379575684606,11335.2255490719,11027.845973387293,,
05RCF,Isovalerate,79.5289762011608,962.631167368598,0.0,79.5289762011608,962.631167368598,883.1021911674371,,
05RCF,Kynurenate,0.0,156.628383311751,0.0,0.0,156.628383311751,156.628383311751,,
05RCF,L-Alanine,460.996082233858,915.180656777835,0.0,460.996082233858,915.180656777835,454.184574543977,,
05RCF,L-Anserine,232.892767004523,1644.41423357429,0.0,232.892767004523,1644.41423357429,1411.521466569767,,
05RCF,L-Arabitol,1081.92342405279,10552.5793771916,0.0,1081.92342405279,10552.5793771916,9470.65595313881,,
05RCF,L-Arginine,1014.60026143419,3047.46402909258,0.0,1014.60026143419,3047.46402909258,2032.8637676583899,,
05RCF,L-Asparagine,377.271991842303,4798.21524199617,0.0,377.271991842303,4798.21524199617,4420.943250153868,,
05RCF,L-Aspartate,1047.95460876186,8603.24094551183,0.0,1047.95460876186,8603.24094551183,7555.28633674997,,
05RCF,L-Carnitine,0.0,1498.97965040711,0.0,0.0,1498.97965040711,1498.97965040711,,
05RCF,L-Carnosine,262.013950007221,1836.03824153413,0.0,262.013950007221,1836.03824153413,1574.024291526909,,
05RCF,L-Citrulline,699.951207550473,6743.31720492762,0.0,699.951207550473,6743.31720492762,6043.365997377147,,
05RCF,L-Cysteine,0.0,18720.2784345211,0.0,0.0,18720.2784345211,18720.2784345211,,
05RCF,L-Cystine,190.249223511162,818.036319591275,0.0,190.249223511162,818.036319591275,627.787096080113,,
05RCF,L-Glutamate,1531.22143711631,8382.94222863255,0.0,1531.22143711631,8382.94222863255,6851.72079151624,,
05RCF,L-Glutamine,1239.72210851451,3944.14562315616,0.0,1239.72210851451,3944.14562315616,2704.4235146416504,,
05RCF,L-Glutathione-oxidized,0.0,1561.02476828207,0.0,0.0,1561.02476828207,1561.02476828207,,
05RCF,L-Glutathione-reduced,0.0,988.19844504038,0.0,0.0,988.19844504038,988.19844504038,,
05RCF,L-Glycine,1316.59122629762,0.0,0.0,1316.59122629762,0.0,1316.59122629762,,
05RCF,L-Histidine,0.0,2837.03110961823,0.0,0.0,2837.03110961823,2837.03110961823,,
05RCF,L-Isoleucine,134.82620806481,896.953518249036,0.0,134.82620806481,896.953518249036,762.1273101842261,,
05RCF,L-Leucine,126.229310736726,673.266665145432,0.0,126.229310736726,673.266665145432,547.0373544087059,,
05RCF,L-Lysine,0.0,3866.11945223479,0.0,0.0,3866.11945223479,3866.11945223479,,
05RCF,L-Ornithine,0.0,2775.19554517834,0.0,0.0,2775.19554517834,2775.19554517834,,
05RCF,L-Phenylalanine,520.051895421879,3099.8461551443,0.0,520.051895421879,3099.8461551443,2579.794259722421,,
05RCF,L-Proline,1480.95081523024,12024.245195586,0.0,1480.95081523024,12024.245195586,10543.29438035576,,
05RCF,L-Serine,939.514786000168,7336.11368298683,0.0,939.514786000168,7336.11368298683,6396.598896986662,,
05RCF,L-Threonine,534.396622697685,2211.82066047386,0.0,534.396622697685,2211.82066047386,1677.4240377761748,,
05RCF,L-Tryptophane,394.003362136763,2212.90023267145,0.0,394.003362136763,2212.90023267145,1818.896870534687,,
05RCF,L-Tyrosine,234.478531048155,1364.66543812727,0.0,234.478531048155,1364.66543812727,1130.186907079115,,
05RCF,L-Valine,113.275033699183,346.527688081548,0.0,113.275033699183,346.527688081548,233.252654382365,,
05RCF,Lactate,0.0,3978.5765491614,18.9,18.9,3959.6765491614,3978.5765491614,100.0,20950.669572282543
05RCF,Lactose,859.607740221687,10001.4397014805,0.0,859.607740221687,10001.4397014805,9141.831961258813,,
05RCF,Levoglucosan,456.311314101749,2127.23020450605,0.0,456.311314101749,2127.23020450605,1670.918890404301,,
05RCF,Levulinate,118.173438148167,289.241870272022,0.0,118.173438148167,289.241870272022,171.06843212385502,,
05RCF,Long-chain_alkane,0.0,346.836767018317,0.0,0.0,346.836767018317,346.836767018317,,
05RCF,Malate,462.649801776238,3449.70502868812,0.0,462.649801776238,3449.70502868812,2987.055226911882,,
05RCF,Malonate,455.821666945015,0.0,289.3,166.521666945015,289.3,455.821666945015,57.56020288455409,100.0
05RCF,Mandelate,149.084371957708,2.65416761663598,0.0,149.084371957708,2.65416761663598,146.430204341072,,
05RCF,Methylamine,0.0,1928.27491853934,0.0,0.0,1928.27491853934,1928.27491853934,,
05RCF,Methylguanidine,126.786586345977,2235.0667334812,0.0,126.786586345977,2235.0667334812,2108.280147135223,,
05RCF,Methylmalonate,0.0,2684.51742420403,0.0,0.0,2684.51742420403,2684.51742420403,,
05RCF,Myo-Inositol,323.701215634608,4707.78355426033,0.0,323.701215634608,4707.78355426033,4384.082338625722,,
05RCF,N-(2-Furoyl)Glycine,0.0,580.675938818321,0.0,0.0,580.675938818321,580.675938818321,,
05RCF,N-Acetyl-L-Aspartate,128.179457588498,3271.12398987494,0.0,128.179457588498,3271.12398987494,3142.944532286442,,
05RCF,N-Acetylglycine,163.312597768681,2136.532511429,0.0,163.312597768681,2136.532511429,1973.219913660319,,
05RCF,NAD,0.0,0.0345281718186784,0.0,0.0,0.0345281718186784,0.0345281718186784,,
05RCF,NADP,0.0,0.0372646938389646,0.0,0.0,0.0372646938389646,0.0372646938389646,,
05RCF,Nicotinate,0.0,0.0716121201153916,0.0,0.0,0.0716121201153916,0.0716121201153916,,
05RCF,Nicotinurate,0.0,0.129164050607797,0.0,0.0,0.129164050607797,0.129164050607797,,
05RCF,O-Acetyl-L-Carnitine,89.1897135326811,1789.7180829771,0.0,89.1897135326811,1789.7180829771,1700.528369444419,,
05RCF,Pantothenate,0.0,490.58485559873,31.9,31.9,458.68485559873,490.58485559873,100.0,1437.883559870627
05RCF,Phenethylamine,769.062833514167,15304.9984359077,0.0,769.062833514167,15304.9984359077,14535.935602393534,,
05RCF,Phenylglyoxylate,0.0,12038.4359619402,0.0,0.0,12038.4359619402,12038.4359619402,,
05RCF,Phosphocholine,46.7974647262714,503.726338340115,0.0,46.7974647262714,503.726338340115,456.92887361384356,,
05RCF,PropyleneGlycol,122.307293256839,1143.78279589147,0.0,122.307293256839,1143.78279589147,1021.475502634631,,
05RCF,Putrescine,0.0,3014.84220421603,0.0,0.0,3014.84220421603,3014.84220421603,,
05RCF,Pyrocatechol,0.0,1686.70064654233,0.0,0.0,1686.70064654233,1686.70064654233,,
05RCF,Pyroglutamate,820.974393831528,5144.73035332519,140.1,680.874393831528,5004.630353325189,4323.755959493662,485.9917157969508,3572.1844063705853
05RCF,Pyruvate,0.0,314.779352901801,0.0,0.0,314.779352901801,314.779352901801,,
05RCF,Quinolinate,0.0,2306.48943526894,0.0,0.0,2306.48943526894,2306.48943526894,,
05RCF,S-Acetamidomethylcysteine,151.088478544835,1888.29836984709,0.0,151.088478544835,1888.29836984709,1737.209891302255,,
05RCF,Saccarate,582.743140010928,13193.3624816816,0.0,582.743140010928,13193.3624816816,12610.619341670672,,
05RCF,Sarcosine,91.248736332339,2493.36364041659,0.0,91.248736332339,2493.36364041659,2402.114904084251,,
05RCF,Saturated_fattty_acids,132.133271066763,962.124809240388,0.0,132.133271066763,962.124809240388,829.991538173625,,
05RCF,Sebacate,0.0,240.095420208736,0.0,0.0,240.095420208736,240.095420208736,,
05RCF,Spermidine,0.0,2567.39585724815,0.0,0.0,2567.39585724815,2567.39585724815,,
05RCF,Succinate,0.0,0.0,13.8,13.8,13.8,0.0,100.0,100.0
05RCF,Syringate,50.7766420532363,586.670690310465,0.0,50.7766420532363,586.670690310465,535.8940482572287,,
05RCF,TMAO,3842.57283524991,498.48897317683,0.0,3842.57283524991,498.48897317683,3344.08386207308,,
05RCF,Taurine,0.0,8226.88454851002,161.8,161.8,8065.084548510019,8226.88454851002,100.0,4984.601080661321
05RCF,Threitol,1014.92612610059,11672.8718793612,0.0,1014.92612610059,11672.8718793612,10657.94575326061,,
05RCF,Threonate,836.330922634225,14929.4453857664,0.0,836.330922634225,14929.4453857664,14093.114463132175,,
05RCF,Trans-Acotinate,235.749167264499,929.598238967391,0.0,235.749167264499,929.598238967391,693.849071702892,,
05RCF,Trigonelline,887.441794714003,776.955011523519,453.9,433.541794714003,323.05501152351906,110.48678319048395,95.51482588984425,71.17316843435097
05RCF,Trimethylamine,44.8362520137878,66.393769956266,0.0,44.8362520137878,66.393769956266,21.5575179424782,,
05RCF,UDP,0.0,166.303430523291,0.0,0.0,166.303430523291,166.303430523291,,
05RCF,UDPG,270.160682905622,1249.65968867928,0.0,270.160682905622,1249.65968867928,979.4990057736579,,
05RCF,UMP,268.744035255123,1661.62440325952,0.0,268.744035255123,1661.62440325952,1392.880368004397,,
05RCF,UTP,155.299410987315,1624.27468034224,0.0,155.299410987315,1624.27468034224,1468.9752693549249,,
05RCF,Uracil,2558.31284596958,17820.0657719967,76.4,2481.91284596958,17743.665771996697,15261.752926027119,3248.5770235203922,23224.693418843843
05RCF,Uridine,250.856601074459,460.046822452164,11.3,239.556601074459,448.746822452164,209.190221377705,2119.9699210129115,3971.210818160743
05RCF,Urocanate,0.0,572.539708888012,14.2,14.2,558.339708888012,572.539708888012,100.0,3931.9697809014924
05RCF,Valerate,178.093194492004,1507.08033495286,0.0,178.093194492004,1507.08033495286,1328.9871404608562,,
05RCF,Vanillate,262.22815937672,953.370390971221,0.0,262.22815937672,953.370390971221,691.142231594501,,
05RCF,Xylitol,750.918196789307,1186.88364809436,158.7,592.2181967893071,1028.18364809436,435.9654513050531,373.1683659667972,647.8787952705483
05RCF,alpha-Hydroxyisobutyrate,148.07923250505,1115.43862448341,0.0,148.07923250505,1115.43862448341,967.35939197836,,
05RCF,dAMP,0.0,857.899420594494,0.0,0.0,857.899420594494,857.899420594494,,
05RCF,trans-4-Hydroxy-L-Proline,278.008021815093,2858.9114878993,0.0,278.008021815093,2858.9114878993,2580.903466084207,,
05RCF,trans-Ferulate,0.0,1835.53863066977,0.0,0.0,1835.53863066977,1835.53863066977,,
